id,EQUIPMENT_INITIAL,EQUIPMENT_NUMBER,CURRENT_YARD_CIRC7,CURRENT_TRAIN_DATE,DEST_TRACK
1,ACME,11,NPT,2022-10-30,
2,ACME,23,NPT,2022-10-30,
3,ACME,41,NPT,2022-10-30,
4,ACME,73,NPT,2022-10-30,
5,ACME,112,NPT,2022-10-30,
6,ACME,142,NPT,2022-10-30,
7,ACME,205,NPT,2022-10-30,
8,ACME,232,NPT,2022-10-30,
9,ACME,283,NPT,2022-10-30,
10,ACME,305,NPT,2022-10-30,
11,ACME,312,NPT,2022-10-30,
12,ACME,312,NPT,2022-10-30,
13,ACME,318,NPT,2022-10-30,
14,ACME,360,NPT,2022-10-30,
15,ACME,412,NPT,2022-10-30,
16,ACME,419,NPT,2022-10-30,
17,ACME,427,NPT,2022-10-30,
18,ACME,525,NPT,2022-10-30,
19,ACME,536,NPT,2022-10-30,
20,ACME,670,NPT,2022-10-30,
21,ACME,703,NPT,2022-10-30,
22,ACME,710,NPT,2022-10-30,
23,ACME,818,NPT,2022-10-30,
24,ACME,830,NPT,2022-10-30,
25,ACME,897,NPT,2022-10-30,
26,ACME,899,NPT,2022-10-30,
27,ACME,953,NPT,2022-10-30,
28,ACME,985,NPT,2022-10-30,
29,ACME,996,NPT,2022-10-30,
30,ACME,1003,NPT,2022-10-30,
31,ACME,1006,NPT,2022-10-30,
32,ACME,1020,NPT,2022-10-30,
33,ACME,1033,NPT,2022-10-30,
34,ACME,1038,NPT,2022-10-30,
35,ACME,1041,NPT,2022-10-30,
36,ACME,1041,NPT,2022-10-30,
37,ACME,1042,NPT,2022-10-30,
38,ACME,1046,NPT,2022-10-30,
39,ACME,1053,NPT,2022-10-30,
40,ACME,1056,NPT,2022-10-30,
41,ACME,1057,NPT,2022-10-30,
42,ACME,1057,NPT,2022-10-30,
43,ACME,1059,NPT,2022-10-30,
44,ACME,1062,NPT,2022-10-30,
45,ACME,1079,NPT,2022-10-30,
46,ACME,1093,NPT,2022-10-30,
47,ACME,1108,NPT,2022-10-30,
48,ACME,1111,NPT,2022-10-30,
49,ACME,1120,NPT,2022-10-30,
50,ACME,1120,NPT,2022-10-30,
51,ACME,1128,NPT,2022-10-30,
52,ACME,1174,NPT,2022-10-30,
53,ACME,1194,NPT,2022-10-30,
54,ACME,1201,NPT,2022-10-30,
55,ACME,1213,NPT,2022-10-30,
56,ACME,1225,NPT,2022-10-30,
57,ACME,1233,NPT,2022-10-30,
58,ACME,1246,NPT,2022-10-30,
59,ACME,1272,NPT,2022-10-30,
60,ACME,1294,NPT,2022-10-30,
61,ACME,1304,NPT,2022-10-30,
62,ACME,1336,NPT,2022-10-30,
63,ACME,1339,NPT,2022-10-30,
64,ACME,1357,NPT,2022-10-30,
65,ACME,1381,NPT,2022-10-30,
66,ACME,1414,NPT,2022-10-30,
67,ACME,1438,NPT,2022-10-30,
68,ACME,1484,NPT,2022-10-30,
69,ACME,1486,NPT,2022-10-30,
70,ACME,1540,NPT,2022-10-30,
71,ACME,1548,NPT,2022-10-30,
72,ACME,1565,NPT,2022-10-30,
73,ACME,1575,NPT,2022-10-30,
74,ACME,1595,NPT,2022-10-30,
75,ACME,1621,NPT,2022-10-30,
76,ACME,1639,NPT,2022-10-30,
77,ACME,1649,NPT,2022-10-30,
78,ACME,1655,NPT,2022-10-30,
79,ACME,1727,NPT,2022-10-30,
80,ACME,1739,NPT,2022-10-30,
81,ACME,1741,NPT,2022-10-30,
82,ACME,1741,NPT,2022-10-30,
83,ACME,1749,NPT,2022-10-30,
84,ACME,1750,NPT,2022-10-30,
85,ACME,1800,NPT,2022-10-30,
86,ACME,1848,NPT,2022-10-30,
87,ACME,1884,NPT,2022-10-30,
88,ACME,1905,NPT,2022-10-30,
89,ACME,1911,NPT,2022-10-30,
90,ACME,2006,NPT,2022-10-30,
91,ACME,2020,NPT,2022-10-30,
92,ACME,2024,NPT,2022-10-30,
93,ACME,2063,NPT,2022-10-30,
94,ACME,2078,NPT,2022-10-30,
95,ACME,2080,NPT,2022-10-30,
96,ACME,2082,NPT,2022-10-30,
97,ACME,2090,NPT,2022-10-30,
98,ACME,2092,NPT,2022-10-30,
99,ACME,2103,NPT,2022-10-30,
100,ACME,2107,NPT,2022-10-30,
101,ACME,2111,NPT,2022-10-30,
102,ACME,2113,NPT,2022-10-30,
103,ACME,2121,NPT,2022-10-30,
104,ACME,2125,NPT,2022-10-30,
105,ACME,2129,NPT,2022-10-30,
106,ACME,2130,NPT,2022-10-30,
107,ACME,2153,NPT,2022-10-30,
108,ACME,2178,NPT,2022-10-30,
109,ACME,2185,NPT,2022-10-30,
110,ACME,2196,NPT,2022-10-30,
111,ACME,2198,NPT,2022-10-30,
112,ACME,2205,NPT,2022-10-30,
113,ACME,2217,NPT,2022-10-30,
114,ACME,2221,NPT,2022-10-30,
115,ACME,2227,NPT,2022-10-30,
116,ACME,2250,NPT,2022-10-30,
117,ACME,2262,NPT,2022-10-30,
118,ACME,2283,NPT,2022-10-30,
119,ACME,2311,NPT,2022-10-30,
120,ACME,2340,NPT,2022-10-30,
121,ACME,2345,NPT,2022-10-30,
122,ACME,2348,NPT,2022-10-30,
123,ACME,2350,NPT,2022-10-30,
124,ACME,2365,NPT,2022-10-30,
125,ACME,2402,NPT,2022-10-30,
126,ACME,2440,NPT,2022-10-30,
127,ACME,2481,NPT,2022-10-30,
128,ACME,2537,NPT,2022-10-30,
129,ACME,2635,NPT,2022-10-30,
130,ACME,2646,NPT,2022-10-30,
131,ACME,2686,NPT,2022-10-30,
132,ACME,2702,NPT,2022-10-30,
133,ACME,2796,NPT,2022-10-30,
134,ACME,2825,NPT,2022-10-30,
135,ACME,2914,NPT,2022-10-30,
136,ACME,2980,NPT,2022-10-30,
137,ACME,3004,NPT,2022-10-30,
138,ACME,3011,NPT,2022-10-30,
139,ACME,3025,NPT,2022-10-30,
140,ACME,3032,NPT,2022-10-30,
141,ACME,3035,NPT,2022-10-30,
142,ACME,3038,NPT,2022-10-30,
143,ACME,3040,NPT,2022-10-30,
144,ACME,3045,NPT,2022-10-30,
145,ACME,3070,NPT,2022-10-30,
146,ACME,3094,NPT,2022-10-30,
147,ACME,3148,NPT,2022-10-30,
148,ACME,3257,NPT,2022-10-30,
149,ACME,3262,NPT,2022-10-30,
150,ACME,3272,NPT,2022-10-30,
151,ACME,3291,NPT,2022-10-30,
152,ACME,3305,NPT,2022-10-30,
153,ACME,3305,NPT,2022-10-30,
154,ACME,3326,NPT,2022-10-30,
155,ACME,3332,NPT,2022-10-30,
156,ACME,3345,NPT,2022-10-30,
157,ACME,3355,NPT,2022-10-30,
158,ACME,3377,NPT,2022-10-30,
159,ACME,3426,NPT,2022-10-30,
160,ACME,3430,NPT,2022-10-30,
161,ACME,3439,NPT,2022-10-30,
162,ACME,3471,NPT,2022-10-30,
163,ACME,3536,NPT,2022-10-30,
164,ACME,3542,NPT,2022-10-30,
165,ACME,3561,NPT,2022-10-30,
166,ACME,3563,NPT,2022-10-30,
167,ACME,3612,NPT,2022-10-30,
168,ACME,3942,NPT,2022-10-30,
169,ACME,4008,NPT,2022-10-30,
170,ACME,4019,NPT,2022-10-30,
171,ACME,4058,NPT,2022-10-30,
172,ACME,4074,NPT,2022-10-30,
173,ACME,4083,NPT,2022-10-30,
174,ACME,4156,NPT,2022-10-30,
175,ACME,4172,NPT,2022-10-30,
176,ACME,4182,NPT,2022-10-30,
177,ACME,4209,NPT,2022-10-30,
178,ACME,4213,NPT,2022-10-30,
179,ACME,4303,NPT,2022-10-30,
180,ACME,4337,NPT,2022-10-30,
181,ACME,4358,NPT,2022-10-30,
182,ACME,4366,NPT,2022-10-30,
183,ACME,4405,NPT,2022-10-30,
184,ACME,4511,NPT,2022-10-30,
185,ACME,4560,NPT,2022-10-30,
186,ACME,4577,NPT,2022-10-30,
187,ACME,4727,NPT,2022-10-30,
188,ACME,4743,NPT,2022-10-30,
189,ACME,4789,NPT,2022-10-30,
190,ACME,4849,NPT,2022-10-30,
191,ACME,4907,NPT,2022-10-30,
192,ACME,4910,NPT,2022-10-30,
193,ACME,4912,NPT,2022-10-30,
194,ACME,4966,NPT,2022-10-30,
195,ACME,5009,NPT,2022-10-30,
196,ACME,5012,NPT,2022-10-30,
197,ACME,5086,NPT,2022-10-30,
198,ACME,5166,NPT,2022-10-30,
199,ACME,5185,NPT,2022-10-30,
200,ACME,5200,NPT,2022-10-30,
201,ACME,5209,NPT,2022-10-30,
202,ACME,5214,NPT,2022-10-30,
203,ACME,5219,NPT,2022-10-30,
204,ACME,5223,NPT,2022-10-30,
205,ACME,5251,NPT,2022-10-30,
206,ACME,5277,NPT,2022-10-30,
207,ACME,5293,NPT,2022-10-30,
208,ACME,5313,NPT,2022-10-30,
209,ACME,5322,NPT,2022-10-30,
210,ACME,5347,NPT,2022-10-30,
211,ACME,5378,NPT,2022-10-30,
212,ACME,5528,NPT,2022-10-30,
213,ACME,5541,NPT,2022-10-30,
214,ACME,5559,NPT,2022-10-30,
215,ACME,5562,NPT,2022-10-30,
216,ACME,5582,NPT,2022-10-30,
217,ACME,5612,NPT,2022-10-30,
218,ACME,5652,NPT,2022-10-30,
219,ACME,5656,NPT,2022-10-30,
220,ACME,5704,NPT,2022-10-30,
221,ACME,5730,NPT,2022-10-30,
222,ACME,5809,NPT,2022-10-30,
223,ACME,5829,NPT,2022-10-30,
224,ACME,5879,NPT,2022-10-30,
225,ACME,6014,NPT,2022-10-30,
226,ACME,6031,NPT,2022-10-30,
227,ACME,6043,NPT,2022-10-30,
228,ACME,6044,NPT,2022-10-30,
229,ACME,6070,NPT,2022-10-30,
230,ACME,6125,NPT,2022-10-30,
231,ACME,6128,NPT,2022-10-30,
232,ACME,6139,NPT,2022-10-30,
233,ACME,6174,NPT,2022-10-30,
234,ACME,6186,NPT,2022-10-30,
235,ACME,6189,NPT,2022-10-30,
236,ACME,6194,NPT,2022-10-30,
237,ACME,6202,NPT,2022-10-30,
238,ACME,6238,NPT,2022-10-30,
239,ACME,6243,NPT,2022-10-30,
240,ACME,6329,NPT,2022-10-30,
241,ACME,6354,NPT,2022-10-30,
242,ACME,6356,NPT,2022-10-30,
243,ACME,6365,NPT,2022-10-30,
244,ACME,6383,NPT,2022-10-30,
245,ACME,6397,NPT,2022-10-30,
246,ACME,6400,NPT,2022-10-30,
247,ACME,6405,NPT,2022-10-30,
248,ACME,6489,NPT,2022-10-30,
249,ACME,6500,NPT,2022-10-30,
250,ACME,6544,NPT,2022-10-30,
251,ACME,6633,NPT,2022-10-30,
252,ACME,6666,NPT,2022-10-30,
253,ACME,6690,NPT,2022-10-30,
254,ACME,6703,NPT,2022-10-30,
255,ACME,6764,NPT,2022-10-30,
256,ACME,6797,NPT,2022-10-30,
257,ACME,6881,NPT,2022-10-30,
258,ACME,6934,NPT,2022-10-30,
259,ACME,7000,NPT,2022-10-30,
260,ACME,7005,NPT,2022-10-30,
261,ACME,7011,NPT,2022-10-30,
262,ACME,7035,NPT,2022-10-30,
263,ACME,7057,NPT,2022-10-30,
264,ACME,7078,NPT,2022-10-30,
265,ACME,7105,NPT,2022-10-30,
266,ACME,7134,NPT,2022-10-30,
267,ACME,7138,NPT,2022-10-30,
268,ACME,7154,NPT,2022-10-30,
269,ACME,7162,NPT,2022-10-30,
270,ACME,7169,NPT,2022-10-30,
271,ACME,7177,NPT,2022-10-30,
272,ACME,7200,NPT,2022-10-30,
273,ACME,7206,NPT,2022-10-30,
274,ACME,7256,NPT,2022-10-30,
275,ACME,7270,NPT,2022-10-30,
276,ACME,7316,NPT,2022-10-30,
277,ACME,7321,NPT,2022-10-30,
278,ACME,7340,NPT,2022-10-30,
279,ACME,7387,NPT,2022-10-30,
280,ACME,7425,NPT,2022-10-30,
281,ACME,7439,NPT,2022-10-30,
282,ACME,7464,NPT,2022-10-30,
283,ACME,7517,NPT,2022-10-30,
284,ACME,7534,NPT,2022-10-30,
285,ACME,7547,NPT,2022-10-30,
286,ACME,7633,NPT,2022-10-30,
287,ACME,7788,NPT,2022-10-30,
288,ACME,7934,NPT,2022-10-30,
289,ACME,7943,NPT,2022-10-30,
290,ACME,7959,NPT,2022-10-30,
291,ACME,7996,NPT,2022-10-30,
292,ACME,8018,NPT,2022-10-30,
293,ACME,8101,NPT,2022-10-30,
294,ACME,8116,NPT,2022-10-30,
295,ACME,8124,NPT,2022-10-30,
296,ACME,8128,NPT,2022-10-30,
297,ACME,8129,NPT,2022-10-30,
298,ACME,8130,NPT,2022-10-30,
299,ACME,8144,NPT,2022-10-30,
300,ACME,8226,NPT,2022-10-30,
301,ACME,8234,NPT,2022-10-30,
302,ACME,8237,NPT,2022-10-30,
303,ACME,8298,NPT,2022-10-30,
304,ACME,8381,NPT,2022-10-30,
305,ACME,8442,NPT,2022-10-30,
306,ACME,8451,NPT,2022-10-30,
307,ACME,8512,NPT,2022-10-30,
308,ACME,8554,NPT,2022-10-30,
309,ACME,8630,NPT,2022-10-30,
310,ACME,8637,NPT,2022-10-30,
311,ACME,8764,NPT,2022-10-30,
312,ACME,9025,NPT,2022-10-30,
313,ACME,9077,NPT,2022-10-30,
314,ACME,9088,NPT,2022-10-30,
315,ACME,9241,NPT,2022-10-30,
316,ACME,9293,NPT,2022-10-30,
317,ACME,9375,NPT,2022-10-30,
318,ACME,9401,NPT,2022-10-30,
319,ACME,9555,NPT,2022-10-30,
320,ACME,9601,NPT,2022-10-30,
321,ACME,9617,NPT,2022-10-30,
322,ACME,9692,NPT,2022-10-30,
323,ACME,9714,NPT,2022-10-30,
324,ACME,9717,NPT,2022-10-30,
325,ACME,9881,NPT,2022-10-30,
326,ACME,10022,NPT,2022-10-30,
327,ACME,10089,NPT,2022-10-30,
328,ACME,10109,NPT,2022-10-30,
329,ACME,10111,NPT,2022-10-30,
330,ACME,10112,NPT,2022-10-30,
331,ACME,10117,NPT,2022-10-30,
332,ACME,10123,NPT,2022-10-30,
333,ACME,10132,NPT,2022-10-30,
334,ACME,10162,NPT,2022-10-30,
335,ACME,10213,NPT,2022-10-30,
336,ACME,10238,NPT,2022-10-30,
337,ACME,10250,NPT,2022-10-30,
338,ACME,10458,NPT,2022-10-30,
339,ACME,10467,NPT,2022-10-30,
340,ACME,10468,NPT,2022-10-30,
341,ACME,10474,NPT,2022-10-30,
342,ACME,10518,NPT,2022-10-30,
343,ACME,10856,NPT,2022-10-30,
344,ACME,10862,NPT,2022-10-30,
345,ACME,10873,NPT,2022-10-30,
346,ACME,10888,NPT,2022-10-30,
347,ACME,10908,NPT,2022-10-30,
348,ACME,10943,NPT,2022-10-30,
349,ACME,10975,NPT,2022-10-30,
350,ACME,11005,NPT,2022-10-30,
351,ACME,11040,NPT,2022-10-30,
352,ACME,11099,NPT,2022-10-30,
353,ACME,11231,NPT,2022-10-30,
354,ACME,11255,NPT,2022-10-30,
355,ACME,11316,NPT,2022-10-30,
356,ACME,11523,NPT,2022-10-30,
357,ACME,11641,NPT,2022-10-30,
358,ACME,11647,NPT,2022-10-30,
359,ACME,11651,NPT,2022-10-30,
360,ACME,11715,NPT,2022-10-30,
361,ACME,11735,NPT,2022-10-30,
362,ACME,11767,NPT,2022-10-30,
363,ACME,12144,NPT,2022-10-30,
364,ACME,12169,NPT,2022-10-30,
365,ACME,12229,NPT,2022-10-30,
366,ACME,12235,NPT,2022-10-30,
367,ACME,12271,NPT,2022-10-30,
368,ACME,12368,NPT,2022-10-30,
369,ACME,12520,NPT,2022-10-30,
370,ACME,12589,NPT,2022-10-30,
371,ACME,12701,NPT,2022-10-30,
372,ACME,13067,NPT,2022-10-30,
373,ACME,13136,NPT,2022-10-30,
374,ACME,13364,NPT,2022-10-30,
375,ACME,13450,NPT,2022-10-30,
376,ACME,13519,NPT,2022-10-30,
377,ACME,13584,NPT,2022-10-30,
378,ACME,13586,NPT,2022-10-30,
379,ACME,13606,NPT,2022-10-30,
380,ACME,13672,NPT,2022-10-30,
381,ACME,13984,NPT,2022-10-30,
382,ACME,14037,NPT,2022-10-30,
383,ACME,14046,NPT,2022-10-30,
384,ACME,14055,NPT,2022-10-30,
385,ACME,14094,NPT,2022-10-30,
386,ACME,14122,NPT,2022-10-30,
387,ACME,14128,NPT,2022-10-30,
388,ACME,14782,NPT,2022-10-30,
389,ACME,15005,NPT,2022-10-30,
390,ACME,15057,NPT,2022-10-30,
391,ACME,15058,NPT,2022-10-30,
392,ACME,15073,NPT,2022-10-30,
393,ACME,15126,NPT,2022-10-30,
394,ACME,15137,NPT,2022-10-30,
395,ACME,15170,NPT,2022-10-30,
396,ACME,15187,NPT,2022-10-30,
397,ACME,15203,NPT,2022-10-30,
398,ACME,15377,NPT,2022-10-30,
399,ACME,15459,NPT,2022-10-30,
400,ACME,15646,NPT,2022-10-30,
401,ACME,15688,NPT,2022-10-30,
402,ACME,15714,NPT,2022-10-30,
403,ACME,15734,NPT,2022-10-30,
404,ACME,15911,NPT,2022-10-30,
405,ACME,16013,NPT,2022-10-30,
406,ACME,16058,NPT,2022-10-30,
407,ACME,16248,NPT,2022-10-30,
408,ACME,16420,NPT,2022-10-30,
409,ACME,16501,NPT,2022-10-30,
410,ACME,16605,NPT,2022-10-30,
411,ACME,16890,NPT,2022-10-30,
412,ACME,16897,NPT,2022-10-30,
413,ACME,17082,NPT,2022-10-30,
414,ACME,17114,NPT,2022-10-30,
415,ACME,17215,NPT,2022-10-30,
416,ACME,17243,NPT,2022-10-30,
417,ACME,17288,NPT,2022-10-30,
418,ACME,17446,NPT,2022-10-30,
419,ACME,17598,NPT,2022-10-30,
420,ACME,17633,NPT,2022-10-30,
421,ACME,17766,NPT,2022-10-30,
422,ACME,18243,NPT,2022-10-30,
423,ACME,18514,NPT,2022-10-30,
424,ACME,18532,NPT,2022-10-30,
425,ACME,18540,NPT,2022-10-30,
426,ACME,19051,NPT,2022-10-30,
427,ACME,19093,NPT,2022-10-30,
428,ACME,19198,NPT,2022-10-30,
429,ACME,19266,NPT,2022-10-30,
430,ACME,19494,NPT,2022-10-30,
431,ACME,19495,NPT,2022-10-30,
432,ACME,19519,NPT,2022-10-30,
433,ACME,19742,NPT,2022-10-30,
434,ACME,20031,NPT,2022-10-30,
435,ACME,20056,NPT,2022-10-30,
436,ACME,20076,NPT,2022-10-30,
437,ACME,20184,NPT,2022-10-30,
438,ACME,20212,NPT,2022-10-30,
439,ACME,20294,NPT,2022-10-30,
440,ACME,20334,NPT,2022-10-30,
441,ACME,20358,NPT,2022-10-30,
442,ACME,20485,NPT,2022-10-30,
443,ACME,20505,NPT,2022-10-30,
444,ACME,20586,NPT,2022-10-30,
445,ACME,20626,NPT,2022-10-30,
446,ACME,20788,NPT,2022-10-30,
447,ACME,20826,NPT,2022-10-30,
448,ACME,20869,NPT,2022-10-30,
449,ACME,20880,NPT,2022-10-30,
450,ACME,20889,NPT,2022-10-30,
451,ACME,20997,NPT,2022-10-30,
452,ACME,21015,NPT,2022-10-30,
453,ACME,21038,NPT,2022-10-30,
454,ACME,21088,NPT,2022-10-30,
455,ACME,21142,NPT,2022-10-30,
456,ACME,21172,NPT,2022-10-30,
457,ACME,21294,NPT,2022-10-30,
458,ACME,21335,NPT,2022-10-30,
459,ACME,21351,NPT,2022-10-30,
460,ACME,21677,NPT,2022-10-30,
461,ACME,21689,NPT,2022-10-30,
462,ACME,21727,NPT,2022-10-30,
463,ACME,21743,NPT,2022-10-30,
464,ACME,21850,NPT,2022-10-30,
465,ACME,21866,NPT,2022-10-30,
466,ACME,21892,NPT,2022-10-30,
467,ACME,22100,NPT,2022-10-30,
468,ACME,22183,NPT,2022-10-30,
469,ACME,22222,NPT,2022-10-30,
470,ACME,22228,NPT,2022-10-30,
471,ACME,22239,NPT,2022-10-30,
472,ACME,22435,NPT,2022-10-30,
473,ACME,22556,NPT,2022-10-30,
474,ACME,22658,NPT,2022-10-30,
475,ACME,22668,NPT,2022-10-30,
476,ACME,22675,NPT,2022-10-30,
477,ACME,22682,NPT,2022-10-30,
478,ACME,22959,NPT,2022-10-30,
479,ACME,22970,NPT,2022-10-30,
480,ACME,23088,NPT,2022-10-30,
481,ACME,23112,NPT,2022-10-30,
482,ACME,23269,NPT,2022-10-30,
483,ACME,23297,NPT,2022-10-30,
484,ACME,23425,NPT,2022-10-30,
485,ACME,23458,NPT,2022-10-30,
486,ACME,23467,NPT,2022-10-30,
487,ACME,23584,NPT,2022-10-30,
488,ACME,23590,NPT,2022-10-30,
489,ACME,23667,NPT,2022-10-30,
490,ACME,24531,NPT,2022-10-30,
491,ACME,24634,NPT,2022-10-30,
492,ACME,24663,NPT,2022-10-30,
493,ACME,25025,NPT,2022-10-30,
494,ACME,25477,NPT,2022-10-30,
495,ACME,25551,NPT,2022-10-30,
496,ACME,26024,NPT,2022-10-30,
497,ACME,26123,NPT,2022-10-30,
498,ACME,26289,NPT,2022-10-30,
499,ACME,26293,NPT,2022-10-30,
500,ACME,26297,NPT,2022-10-30,
501,ACME,26363,NPT,2022-10-30,
502,ACME,26520,NPT,2022-10-30,
503,ACME,26606,NPT,2022-10-30,
504,ACME,26607,NPT,2022-10-30,
505,ACME,26636,NPT,2022-10-30,
506,ACME,26654,NPT,2022-10-30,
507,ACME,26760,NPT,2022-10-30,
508,ACME,27016,NPT,2022-10-30,
509,ACME,27776,NPT,2022-10-30,
510,ACME,28042,NPT,2022-10-30,
511,ACME,28232,NPT,2022-10-30,
512,ACME,28353,NPT,2022-10-30,
513,ACME,28441,NPT,2022-10-30,
514,ACME,28636,NPT,2022-10-30,
515,ACME,28685,NPT,2022-10-30,
516,ACME,28736,NPT,2022-10-30,
517,ACME,28796,NPT,2022-10-30,
518,ACME,28858,NPT,2022-10-30,
519,ACME,28913,NPT,2022-10-30,
520,ACME,28973,NPT,2022-10-30,
521,ACME,29305,NPT,2022-10-30,
522,ACME,29347,NPT,2022-10-30,
523,ACME,30008,NPT,2022-10-30,
524,ACME,30020,NPT,2022-10-30,
525,ACME,30028,NPT,2022-10-30,
526,ACME,30057,NPT,2022-10-30,
527,ACME,30142,NPT,2022-10-30,
528,ACME,30241,NPT,2022-10-30,
529,ACME,30341,NPT,2022-10-30,
530,ACME,30438,NPT,2022-10-30,
531,ACME,30527,NPT,2022-10-30,
532,ACME,30720,NPT,2022-10-30,
533,ACME,30759,NPT,2022-10-30,
534,ACME,31113,NPT,2022-10-30,
535,ACME,31121,NPT,2022-10-30,
536,ACME,31162,NPT,2022-10-30,
537,ACME,31168,NPT,2022-10-30,
538,ACME,32006,NPT,2022-10-30,
539,ACME,32013,NPT,2022-10-30,
540,ACME,32033,NPT,2022-10-30,
541,ACME,32091,NPT,2022-10-30,
542,ACME,32141,NPT,2022-10-30,
543,ACME,32226,NPT,2022-10-30,
544,ACME,32300,NPT,2022-10-30,
545,ACME,32316,NPT,2022-10-30,
546,ACME,32322,NPT,2022-10-30,
547,ACME,32740,NPT,2022-10-30,
548,ACME,32839,NPT,2022-10-30,
549,ACME,32990,NPT,2022-10-30,
550,ACME,33002,NPT,2022-10-30,
551,ACME,33115,NPT,2022-10-30,
552,ACME,33137,NPT,2022-10-30,
553,ACME,33226,NPT,2022-10-30,
554,ACME,33542,NPT,2022-10-30,
555,ACME,33815,NPT,2022-10-30,
556,ACME,34002,NPT,2022-10-30,
557,ACME,34021,NPT,2022-10-30,
558,ACME,34408,NPT,2022-10-30,
559,ACME,34451,NPT,2022-10-30,
560,ACME,34624,NPT,2022-10-30,
561,ACME,34665,NPT,2022-10-30,
562,ACME,34829,NPT,2022-10-30,
563,ACME,34872,NPT,2022-10-30,
564,ACME,34893,NPT,2022-10-30,
565,ACME,34906,NPT,2022-10-30,
566,ACME,34947,NPT,2022-10-30,
567,ACME,36147,NPT,2022-10-30,
568,ACME,36272,NPT,2022-10-30,
569,ACME,37471,NPT,2022-10-30,
570,ACME,37590,NPT,2022-10-30,
571,ACME,37643,NPT,2022-10-30,
572,ACME,38178,NPT,2022-10-30,
573,ACME,38214,NPT,2022-10-30,
574,ACME,38228,NPT,2022-10-30,
575,ACME,38294,NPT,2022-10-30,
576,ACME,38369,NPT,2022-10-30,
577,ACME,38638,NPT,2022-10-30,
578,ACME,38707,NPT,2022-10-30,
579,ACME,38814,NPT,2022-10-30,
580,ACME,39010,NPT,2022-10-30,
581,ACME,39072,NPT,2022-10-30,
582,ACME,39163,NPT,2022-10-30,
583,ACME,39220,NPT,2022-10-30,
584,ACME,39738,NPT,2022-10-30,
585,ACME,40004,NPT,2022-10-30,
586,ACME,40063,NPT,2022-10-30,
587,ACME,40097,NPT,2022-10-30,
588,ACME,40232,NPT,2022-10-30,
589,ACME,40623,NPT,2022-10-30,
590,ACME,40652,NPT,2022-10-30,
591,ACME,40775,NPT,2022-10-30,
592,ACME,41003,NPT,2022-10-30,
593,ACME,41026,NPT,2022-10-30,
594,ACME,41092,NPT,2022-10-30,
595,ACME,41114,NPT,2022-10-30,
596,ACME,41121,NPT,2022-10-30,
597,ACME,41517,NPT,2022-10-30,
598,ACME,41649,NPT,2022-10-30,
599,ACME,41678,NPT,2022-10-30,
600,ACME,41711,NPT,2022-10-30,
601,ACME,41919,NPT,2022-10-30,
602,ACME,41933,NPT,2022-10-30,
603,ACME,42506,NPT,2022-10-30,
604,ACME,42531,NPT,2022-10-30,
605,ACME,42533,NPT,2022-10-30,
606,ACME,42554,NPT,2022-10-30,
607,ACME,42556,NPT,2022-10-30,
608,ACME,42633,NPT,2022-10-30,
609,ACME,43249,NPT,2022-10-30,
610,ACME,43610,NPT,2022-10-30,
611,ACME,44011,NPT,2022-10-30,
612,ACME,44049,NPT,2022-10-30,
613,ACME,44272,NPT,2022-10-30,
614,ACME,44346,NPT,2022-10-30,
615,ACME,44613,NPT,2022-10-30,
616,ACME,44683,NPT,2022-10-30,
617,ACME,44799,NPT,2022-10-30,
618,ACME,45094,NPT,2022-10-30,
619,ACME,45646,NPT,2022-10-30,
620,ACME,45778,NPT,2022-10-30,
621,ACME,46225,NPT,2022-10-30,
622,ACME,47170,NPT,2022-10-30,
623,ACME,47347,NPT,2022-10-30,
624,ACME,47424,NPT,2022-10-30,
625,ACME,47491,NPT,2022-10-30,
626,ACME,47557,NPT,2022-10-30,
627,ACME,47910,NPT,2022-10-30,
628,ACME,48116,NPT,2022-10-30,
629,ACME,48134,NPT,2022-10-30,
630,ACME,48217,NPT,2022-10-30,
631,ACME,48400,NPT,2022-10-30,
632,ACME,48628,NPT,2022-10-30,
633,ACME,48701,NPT,2022-10-30,
634,ACME,48869,NPT,2022-10-30,
635,ACME,48893,NPT,2022-10-30,
636,ACME,48916,NPT,2022-10-30,
637,ACME,48958,NPT,2022-10-30,
638,ACME,49003,NPT,2022-10-30,
639,ACME,49102,NPT,2022-10-30,
640,ACME,49195,NPT,2022-10-30,
641,ACME,49346,NPT,2022-10-30,
642,ACME,49830,NPT,2022-10-30,
643,ACME,50063,NPT,2022-10-30,
644,ACME,50206,NPT,2022-10-30,
645,ACME,50247,NPT,2022-10-30,
646,ACME,50398,NPT,2022-10-30,
647,ACME,50399,NPT,2022-10-30,
648,ACME,50401,NPT,2022-10-30,
649,ACME,50484,NPT,2022-10-30,
650,ACME,51237,NPT,2022-10-30,
651,ACME,51329,NPT,2022-10-30,
652,ACME,51344,NPT,2022-10-30,
653,ACME,51410,NPT,2022-10-30,
654,ACME,51429,NPT,2022-10-30,
655,ACME,51441,NPT,2022-10-30,
656,ACME,51473,NPT,2022-10-30,
657,ACME,51487,NPT,2022-10-30,
658,ACME,51531,NPT,2022-10-30,
659,ACME,51587,NPT,2022-10-30,
660,ACME,51625,NPT,2022-10-30,
661,ACME,51643,NPT,2022-10-30,
662,ACME,51758,NPT,2022-10-30,
663,ACME,51786,NPT,2022-10-30,
664,ACME,52054,NPT,2022-10-30,
665,ACME,52322,NPT,2022-10-30,
666,ACME,52338,NPT,2022-10-30,
667,ACME,52746,NPT,2022-10-30,
668,ACME,53277,NPT,2022-10-30,
669,ACME,53617,NPT,2022-10-30,
670,ACME,53699,NPT,2022-10-30,
671,ACME,53827,NPT,2022-10-30,
672,ACME,53915,NPT,2022-10-30,
673,ACME,53943,NPT,2022-10-30,
674,ACME,54084,NPT,2022-10-30,
675,ACME,54134,NPT,2022-10-30,
676,ACME,54138,NPT,2022-10-30,
677,ACME,54188,NPT,2022-10-30,
678,ACME,54231,NPT,2022-10-30,
679,ACME,54405,NPT,2022-10-30,
680,ACME,55083,NPT,2022-10-30,
681,ACME,55166,NPT,2022-10-30,
682,ACME,55432,NPT,2022-10-30,
683,ACME,55445,NPT,2022-10-30,
684,ACME,56324,NPT,2022-10-30,
685,ACME,56544,NPT,2022-10-30,
686,ACME,56790,NPT,2022-10-30,
687,ACME,57219,NPT,2022-10-30,
688,ACME,57239,NPT,2022-10-30,
689,ACME,57241,NPT,2022-10-30,
690,ACME,57354,NPT,2022-10-30,
691,ACME,57468,NPT,2022-10-30,
692,ACME,57490,NPT,2022-10-30,
693,ACME,57559,NPT,2022-10-30,
694,ACME,57650,NPT,2022-10-30,
695,ACME,57765,NPT,2022-10-30,
696,ACME,58086,NPT,2022-10-30,
697,ACME,58313,NPT,2022-10-30,
698,ACME,58356,NPT,2022-10-30,
699,ACME,58435,NPT,2022-10-30,
700,ACME,58489,NPT,2022-10-30,
701,ACME,58496,NPT,2022-10-30,
702,ACME,58763,NPT,2022-10-30,
703,ACME,58903,NPT,2022-10-30,
704,ACME,59146,NPT,2022-10-30,
705,ACME,59218,NPT,2022-10-30,
706,ACME,59262,NPT,2022-10-30,
707,ACME,59282,NPT,2022-10-30,
708,ACME,59283,NPT,2022-10-30,
709,ACME,59938,NPT,2022-10-30,
710,ACME,60021,NPT,2022-10-30,
711,ACME,60135,NPT,2022-10-30,
712,ACME,60168,NPT,2022-10-30,
713,ACME,60335,NPT,2022-10-30,
714,ACME,60624,NPT,2022-10-30,
715,ACME,60813,NPT,2022-10-30,
716,ACME,60846,NPT,2022-10-30,
717,ACME,61412,NPT,2022-10-30,
718,ACME,61460,NPT,2022-10-30,
719,ACME,62001,NPT,2022-10-30,
720,ACME,62055,NPT,2022-10-30,
721,ACME,62096,NPT,2022-10-30,
722,ACME,62104,NPT,2022-10-30,
723,ACME,62164,NPT,2022-10-30,
724,ACME,62614,NPT,2022-10-30,
725,ACME,62917,NPT,2022-10-30,
726,ACME,63072,NPT,2022-10-30,
727,ACME,64441,NPT,2022-10-30,
728,ACME,64598,NPT,2022-10-30,
729,ACME,64604,NPT,2022-10-30,
730,ACME,64664,NPT,2022-10-30,
731,ACME,64845,NPT,2022-10-30,
732,ACME,65686,NPT,2022-10-30,
733,ACME,66048,NPT,2022-10-30,
734,ACME,66136,NPT,2022-10-30,
735,ACME,66270,NPT,2022-10-30,
736,ACME,66547,NPT,2022-10-30,
737,ACME,66703,NPT,2022-10-30,
738,ACME,66713,NPT,2022-10-30,
739,ACME,66748,NPT,2022-10-30,
740,ACME,66783,NPT,2022-10-30,
741,ACME,66895,NPT,2022-10-30,
742,ACME,67012,NPT,2022-10-30,
743,ACME,67069,NPT,2022-10-30,
744,ACME,67258,NPT,2022-10-30,
745,ACME,67324,NPT,2022-10-30,
746,ACME,67342,NPT,2022-10-30,
747,ACME,67407,NPT,2022-10-30,
748,ACME,67408,NPT,2022-10-30,
749,ACME,67418,NPT,2022-10-30,
750,ACME,67491,NPT,2022-10-30,
751,ACME,67564,NPT,2022-10-30,
752,ACME,68034,NPT,2022-10-30,
753,ACME,68151,NPT,2022-10-30,
754,ACME,68397,NPT,2022-10-30,
755,ACME,68510,NPT,2022-10-30,
756,ACME,68556,NPT,2022-10-30,
757,ACME,69192,NPT,2022-10-30,
758,ACME,69355,NPT,2022-10-30,
759,ACME,69519,NPT,2022-10-30,
760,ACME,69536,NPT,2022-10-30,
761,ACME,69657,NPT,2022-10-30,
762,ACME,70007,NPT,2022-10-30,
763,ACME,70168,NPT,2022-10-30,
764,ACME,70243,NPT,2022-10-30,
765,ACME,70376,NPT,2022-10-30,
766,ACME,70476,NPT,2022-10-30,
767,ACME,70520,NPT,2022-10-30,
768,ACME,70654,NPT,2022-10-30,
769,ACME,70703,NPT,2022-10-30,
770,ACME,70986,NPT,2022-10-30,
771,ACME,71086,NPT,2022-10-30,
772,ACME,71130,NPT,2022-10-30,
773,ACME,71175,NPT,2022-10-30,
774,ACME,71223,NPT,2022-10-30,
775,ACME,71316,NPT,2022-10-30,
776,ACME,71326,NPT,2022-10-30,
777,ACME,71637,NPT,2022-10-30,
778,ACME,71996,NPT,2022-10-30,
779,ACME,72255,NPT,2022-10-30,
780,ACME,72455,NPT,2022-10-30,
781,ACME,72628,NPT,2022-10-30,
782,ACME,72823,NPT,2022-10-30,
783,ACME,72864,NPT,2022-10-30,
784,ACME,73010,NPT,2022-10-30,
785,ACME,73037,NPT,2022-10-30,
786,ACME,73158,NPT,2022-10-30,
787,ACME,73259,NPT,2022-10-30,
788,ACME,73359,NPT,2022-10-30,
789,ACME,73474,NPT,2022-10-30,
790,ACME,73567,NPT,2022-10-30,
791,ACME,73593,NPT,2022-10-30,
792,ACME,73798,NPT,2022-10-30,
793,ACME,73981,NPT,2022-10-30,
794,ACME,74032,NPT,2022-10-30,
795,ACME,74229,NPT,2022-10-30,
796,ACME,74326,NPT,2022-10-30,
797,ACME,74379,NPT,2022-10-30,
798,ACME,74425,NPT,2022-10-30,
799,ACME,74531,NPT,2022-10-30,
800,ACME,74625,NPT,2022-10-30,
801,ACME,74684,NPT,2022-10-30,
802,ACME,75009,NPT,2022-10-30,
803,ACME,75140,NPT,2022-10-30,
804,ACME,75273,NPT,2022-10-30,
805,ACME,75766,NPT,2022-10-30,
806,ACME,75866,NPT,2022-10-30,
807,ACME,75967,NPT,2022-10-30,
808,ACME,76046,NPT,2022-10-30,
809,ACME,76598,NPT,2022-10-30,
810,ACME,78045,NPT,2022-10-30,
811,ACME,78286,NPT,2022-10-30,
812,ACME,78390,NPT,2022-10-30,
813,ACME,78510,NPT,2022-10-30,
814,ACME,78718,NPT,2022-10-30,
815,ACME,79141,NPT,2022-10-30,
816,ACME,79154,NPT,2022-10-30,
817,ACME,79233,NPT,2022-10-30,
818,ACME,79269,NPT,2022-10-30,
819,ACME,79452,NPT,2022-10-30,
820,ACME,79504,NPT,2022-10-30,
821,ACME,79591,NPT,2022-10-30,
822,ACME,79683,NPT,2022-10-30,
823,ACME,80004,NPT,2022-10-30,
824,ACME,80010,NPT,2022-10-30,
825,ACME,80042,NPT,2022-10-30,
826,ACME,80081,NPT,2022-10-30,
827,ACME,80082,NPT,2022-10-30,
828,ACME,80143,NPT,2022-10-30,
829,ACME,80301,NPT,2022-10-30,
830,ACME,81526,NPT,2022-10-30,
831,ACME,82504,NPT,2022-10-30,
832,ACME,83046,NPT,2022-10-30,
833,ACME,83132,NPT,2022-10-30,
834,ACME,83567,NPT,2022-10-30,
835,ACME,84246,NPT,2022-10-30,
836,ACME,84391,NPT,2022-10-30,
837,ACME,84401,NPT,2022-10-30,
838,ACME,84843,NPT,2022-10-30,
839,ACME,84903,NPT,2022-10-30,
840,ACME,85224,NPT,2022-10-30,
841,ACME,85237,NPT,2022-10-30,
842,ACME,85384,NPT,2022-10-30,
843,ACME,85590,NPT,2022-10-30,
844,ACME,86628,NPT,2022-10-30,
845,ACME,86970,NPT,2022-10-30,
846,ACME,87002,NPT,2022-10-30,
847,ACME,87220,NPT,2022-10-30,
848,ACME,87382,NPT,2022-10-30,
849,ACME,87430,NPT,2022-10-30,
850,ACME,87840,NPT,2022-10-30,
851,ACME,88028,NPT,2022-10-30,
852,ACME,88057,NPT,2022-10-30,
853,ACME,88199,NPT,2022-10-30,
854,ACME,88618,NPT,2022-10-30,
855,ACME,89127,NPT,2022-10-30,
856,ACME,89176,NPT,2022-10-30,
857,ACME,89917,NPT,2022-10-30,
858,ACME,90010,NPT,2022-10-30,
859,ACME,90012,NPT,2022-10-30,
860,ACME,90054,NPT,2022-10-30,
861,ACME,90119,NPT,2022-10-30,
862,ACME,90128,NPT,2022-10-30,
863,ACME,90190,NPT,2022-10-30,
864,ACME,90397,NPT,2022-10-30,
865,ACME,90696,NPT,2022-10-30,
866,ACME,90829,NPT,2022-10-30,
867,ACME,90906,NPT,2022-10-30,
868,ACME,91018,NPT,2022-10-30,
869,ACME,91024,NPT,2022-10-30,
870,ACME,91118,NPT,2022-10-30,
871,ACME,91626,NPT,2022-10-30,
872,ACME,91661,NPT,2022-10-30,
873,ACME,91666,NPT,2022-10-30,
874,ACME,91683,NPT,2022-10-30,
875,ACME,91818,NPT,2022-10-30,
876,ACME,92012,NPT,2022-10-30,
877,ACME,92124,NPT,2022-10-30,
878,ACME,92144,NPT,2022-10-30,
879,ACME,92147,NPT,2022-10-30,
880,ACME,92158,NPT,2022-10-30,
881,ACME,92171,NPT,2022-10-30,
882,ACME,92286,NPT,2022-10-30,
883,ACME,92292,NPT,2022-10-30,
884,ACME,92362,NPT,2022-10-30,
885,ACME,92469,NPT,2022-10-30,
886,ACME,92535,NPT,2022-10-30,
887,ACME,92601,NPT,2022-10-30,
888,ACME,92669,NPT,2022-10-30,
889,ACME,92722,NPT,2022-10-30,
890,ACME,92823,NPT,2022-10-30,
891,ACME,92857,NPT,2022-10-30,
892,ACME,93018,NPT,2022-10-30,
893,ACME,93062,NPT,2022-10-30,
894,ACME,93064,NPT,2022-10-30,
895,ACME,93219,NPT,2022-10-30,
896,ACME,93301,NPT,2022-10-30,
897,ACME,93937,NPT,2022-10-30,
898,ACME,94023,NPT,2022-10-30,
899,ACME,94064,NPT,2022-10-30,
900,ACME,94071,NPT,2022-10-30,
901,ACME,94076,NPT,2022-10-30,
902,ACME,94149,NPT,2022-10-30,
903,ACME,94189,NPT,2022-10-30,
904,ACME,94365,NPT,2022-10-30,
905,ACME,94397,NPT,2022-10-30,
906,ACME,94509,NPT,2022-10-30,
907,ACME,95029,NPT,2022-10-30,
908,ACME,95060,NPT,2022-10-30,
909,ACME,95195,NPT,2022-10-30,
910,ACME,95207,NPT,2022-10-30,
911,ACME,95312,NPT,2022-10-30,
912,ACME,95380,NPT,2022-10-30,
913,ACME,95809,NPT,2022-10-30,
914,ACME,95906,NPT,2022-10-30,
915,ACME,95915,NPT,2022-10-30,
916,ACME,95916,NPT,2022-10-30,
917,ACME,95941,NPT,2022-10-30,
918,ACME,95996,NPT,2022-10-30,
919,ACME,96019,NPT,2022-10-30,
920,ACME,96089,NPT,2022-10-30,
921,ACME,97026,NPT,2022-10-30,
922,ACME,97074,NPT,2022-10-30,
923,ACME,97366,NPT,2022-10-30,
924,ACME,97373,NPT,2022-10-30,
925,ACME,97414,NPT,2022-10-30,
926,ACME,97803,NPT,2022-10-30,
927,ACME,97853,NPT,2022-10-30,
928,ACME,97875,NPT,2022-10-30,
929,ACME,98031,NPT,2022-10-30,
930,ACME,98111,NPT,2022-10-30,
931,ACME,98416,NPT,2022-10-30,
932,ACME,98417,NPT,2022-10-30,
933,ACME,98593,NPT,2022-10-30,
934,ACME,98716,NPT,2022-10-30,
935,ACME,99267,NPT,2022-10-30,
936,ACME,99633,NPT,2022-10-30,
937,ACME,99898,NPT,2022-10-30,
938,ACME,100068,NPT,2022-10-30,
939,ACME,100125,NPT,2022-10-30,
940,ACME,100179,NPT,2022-10-30,
941,ACME,100203,NPT,2022-10-30,
942,ACME,100253,NPT,2022-10-30,
943,ACME,100335,NPT,2022-10-30,
944,ACME,100362,NPT,2022-10-30,
945,ACME,100377,NPT,2022-10-30,
946,ACME,100381,NPT,2022-10-30,
947,ACME,100408,NPT,2022-10-30,
948,ACME,100416,NPT,2022-10-30,
949,ACME,100424,NPT,2022-10-30,
950,ACME,100436,NPT,2022-10-30,
951,ACME,100508,NPT,2022-10-30,
952,ACME,100612,NPT,2022-10-30,
953,ACME,100636,NPT,2022-10-30,
954,ACME,100699,NPT,2022-10-30,
955,ACME,100771,NPT,2022-10-30,
956,ACME,100776,NPT,2022-10-30,
957,ACME,100789,NPT,2022-10-30,
958,ACME,100831,NPT,2022-10-30,
959,ACME,100842,NPT,2022-10-30,
960,ACME,100965,NPT,2022-10-30,
961,ACME,101121,NPT,2022-10-30,
962,ACME,101183,NPT,2022-10-30,
963,ACME,101391,NPT,2022-10-30,
964,ACME,101405,NPT,2022-10-30,
965,ACME,101475,NPT,2022-10-30,
966,ACME,101523,NPT,2022-10-30,
967,ACME,101620,NPT,2022-10-30,
968,ACME,101813,NPT,2022-10-30,
969,ACME,101996,NPT,2022-10-30,
970,ACME,102002,NPT,2022-10-30,
971,ACME,102092,NPT,2022-10-30,
972,ACME,102159,NPT,2022-10-30,
973,ACME,102438,NPT,2022-10-30,
974,ACME,104710,NPT,2022-10-30,
975,ACME,104761,NPT,2022-10-30,
976,ACME,105158,NPT,2022-10-30,
977,ACME,108020,NPT,2022-10-30,
978,ACME,108067,NPT,2022-10-30,
979,ACME,109246,NPT,2022-10-30,
980,ACME,109495,NPT,2022-10-30,
981,ACME,109500,NPT,2022-10-30,
982,ACME,109564,NPT,2022-10-30,
983,ACME,110051,NPT,2022-10-30,
984,ACME,110059,NPT,2022-10-30,
985,ACME,110156,NPT,2022-10-30,
986,ACME,110191,NPT,2022-10-30,
987,ACME,110210,NPT,2022-10-30,
988,ACME,110308,NPT,2022-10-30,
989,ACME,110492,NPT,2022-10-30,
990,ACME,110530,NPT,2022-10-30,
991,ACME,110601,NPT,2022-10-30,
992,ACME,110652,NPT,2022-10-30,
993,ACME,110893,NPT,2022-10-30,
994,ACME,110921,NPT,2022-10-30,
995,ACME,111098,NPT,2022-10-30,
996,ACME,111117,NPT,2022-10-30,
997,ACME,111238,NPT,2022-10-30,
998,ACME,111271,NPT,2022-10-30,
999,ACME,111418,NPT,2022-10-30,
1000,ACME,111525,NPT,2022-10-30,
1001,ACME,111612,NPT,2022-10-30,
1002,ACME,111646,NPT,2022-10-30,
1003,ACME,111657,NPT,2022-10-30,
1004,ACME,111722,NPT,2022-10-30,
1005,ACME,111944,NPT,2022-10-30,
1006,ACME,111945,NPT,2022-10-30,
1007,ACME,111947,NPT,2022-10-30,
1008,ACME,111958,NPT,2022-10-30,
1009,ACME,112001,NPT,2022-10-30,
1010,ACME,112294,NPT,2022-10-30,
1011,ACME,112416,NPT,2022-10-30,
1012,ACME,112425,NPT,2022-10-30,
1013,ACME,112466,NPT,2022-10-30,
1014,ACME,112744,NPT,2022-10-30,
1015,ACME,112817,NPT,2022-10-30,
1016,ACME,112826,NPT,2022-10-30,
1017,ACME,112883,NPT,2022-10-30,
1018,ACME,112889,NPT,2022-10-30,
1019,ACME,113036,NPT,2022-10-30,
1020,ACME,113059,NPT,2022-10-30,
1021,ACME,113172,NPT,2022-10-30,
1022,ACME,113183,NPT,2022-10-30,
1023,ACME,113204,NPT,2022-10-30,
1024,ACME,113216,NPT,2022-10-30,
1025,ACME,113232,NPT,2022-10-30,
1026,ACME,113291,NPT,2022-10-30,
1027,ACME,113402,NPT,2022-10-30,
1028,ACME,114176,NPT,2022-10-30,
1029,ACME,114242,NPT,2022-10-30,
1030,ACME,116065,NPT,2022-10-30,
1031,ACME,117082,NPT,2022-10-30,
1032,ACME,117883,NPT,2022-10-30,
1033,ACME,119302,NPT,2022-10-30,
1034,ACME,120043,NPT,2022-10-30,
1035,ACME,120077,NPT,2022-10-30,
1036,ACME,120135,NPT,2022-10-30,
1037,ACME,120219,NPT,2022-10-30,
1038,ACME,121522,NPT,2022-10-30,
1039,ACME,121570,NPT,2022-10-30,
1040,ACME,122227,NPT,2022-10-30,
1041,ACME,122297,NPT,2022-10-30,
1042,ACME,122722,NPT,2022-10-30,
1043,ACME,124104,NPT,2022-10-30,
1044,ACME,124367,NPT,2022-10-30,
1045,ACME,125602,NPT,2022-10-30,
1046,ACME,128054,NPT,2022-10-30,
1047,ACME,130017,NPT,2022-10-30,
1048,ACME,131404,NPT,2022-10-30,
1049,ACME,132088,NPT,2022-10-30,
1050,ACME,132604,NPT,2022-10-30,
1051,ACME,135423,NPT,2022-10-30,
1052,ACME,135760,NPT,2022-10-30,
1053,ACME,136098,NPT,2022-10-30,
1054,ACME,136198,NPT,2022-10-30,
1055,ACME,137408,NPT,2022-10-30,
1056,ACME,137528,NPT,2022-10-30,
1057,ACME,137593,NPT,2022-10-30,
1058,ACME,137678,NPT,2022-10-30,
1059,ACME,138394,NPT,2022-10-30,
1060,ACME,138506,NPT,2022-10-30,
1061,ACME,140015,NPT,2022-10-30,
1062,ACME,140056,NPT,2022-10-30,
1063,ACME,140076,NPT,2022-10-30,
1064,ACME,140087,NPT,2022-10-30,
1065,ACME,140184,NPT,2022-10-30,
1066,ACME,141070,NPT,2022-10-30,
1067,ACME,141123,NPT,2022-10-30,
1068,ACME,141468,NPT,2022-10-30,
1069,ACME,142243,NPT,2022-10-30,
1070,ACME,146215,NPT,2022-10-30,
1071,ACME,146649,NPT,2022-10-30,
1072,ACME,150026,NPT,2022-10-30,
1073,ACME,150306,NPT,2022-10-30,
1074,ACME,150777,NPT,2022-10-30,
1075,ACME,150919,NPT,2022-10-30,
1076,ACME,151005,NPT,2022-10-30,
1077,ACME,151086,NPT,2022-10-30,
1078,ACME,151238,NPT,2022-10-30,
1079,ACME,151429,NPT,2022-10-30,
1080,ACME,151635,NPT,2022-10-30,
1081,ACME,151963,NPT,2022-10-30,
1082,ACME,151977,NPT,2022-10-30,
1083,ACME,152112,NPT,2022-10-30,
1084,ACME,152278,NPT,2022-10-30,
1085,ACME,153081,NPT,2022-10-30,
1086,ACME,153172,NPT,2022-10-30,
1087,ACME,153542,NPT,2022-10-30,
1088,ACME,154821,NPT,2022-10-30,
1089,ACME,154922,NPT,2022-10-30,
1090,ACME,155093,NPT,2022-10-30,
1091,ACME,157308,NPT,2022-10-30,
1092,ACME,158372,NPT,2022-10-30,
1093,ACME,158620,NPT,2022-10-30,
1094,ACME,159258,NPT,2022-10-30,
1095,ACME,159340,NPT,2022-10-30,
1096,ACME,159396,NPT,2022-10-30,
1097,ACME,159615,NPT,2022-10-30,
1098,ACME,159713,NPT,2022-10-30,
1099,ACME,159951,NPT,2022-10-30,
1100,ACME,160017,NPT,2022-10-30,
1101,ACME,160077,NPT,2022-10-30,
1102,ACME,160189,NPT,2022-10-30,
1103,ACME,160403,NPT,2022-10-30,
1104,ACME,160601,NPT,2022-10-30,
1105,ACME,160741,NPT,2022-10-30,
1106,ACME,160989,NPT,2022-10-30,
1107,ACME,161065,NPT,2022-10-30,
1108,ACME,161097,NPT,2022-10-30,
1109,ACME,161176,NPT,2022-10-30,
1110,ACME,163375,NPT,2022-10-30,
1111,ACME,163586,NPT,2022-10-30,
1112,ACME,165147,NPT,2022-10-30,
1113,ACME,165565,NPT,2022-10-30,
1114,ACME,165633,NPT,2022-10-30,
1115,ACME,168415,NPT,2022-10-30,
1116,ACME,168481,NPT,2022-10-30,
1117,ACME,170095,NPT,2022-10-30,
1118,ACME,170460,NPT,2022-10-30,
1119,ACME,170486,NPT,2022-10-30,
1120,ACME,170499,NPT,2022-10-30,
1121,ACME,170571,NPT,2022-10-30,
1122,ACME,170798,NPT,2022-10-30,
1123,ACME,171517,NPT,2022-10-30,
1124,ACME,171721,NPT,2022-10-30,
1125,ACME,171748,NPT,2022-10-30,
1126,ACME,172020,NPT,2022-10-30,
1127,ACME,175179,NPT,2022-10-30,
1128,ACME,175361,NPT,2022-10-30,
1129,ACME,175521,NPT,2022-10-30,
1130,ACME,175643,NPT,2022-10-30,
1131,ACME,178257,NPT,2022-10-30,
1132,ACME,178439,NPT,2022-10-30,
1133,ACME,180140,NPT,2022-10-30,
1134,ACME,180152,NPT,2022-10-30,
1135,ACME,180394,NPT,2022-10-30,
1136,ACME,181433,NPT,2022-10-30,
1137,ACME,181743,NPT,2022-10-30,
1138,ACME,181764,NPT,2022-10-30,
1139,ACME,181809,NPT,2022-10-30,
1140,ACME,181955,NPT,2022-10-30,
1141,ACME,182089,NPT,2022-10-30,
1142,ACME,188602,NPT,2022-10-30,
1143,ACME,189492,NPT,2022-10-30,
1144,ACME,190021,NPT,2022-10-30,
1145,ACME,190237,NPT,2022-10-30,
1146,ACME,190443,NPT,2022-10-30,
1147,ACME,190528,NPT,2022-10-30,
1148,ACME,190531,NPT,2022-10-30,
1149,ACME,190578,NPT,2022-10-30,
1150,ACME,191689,NPT,2022-10-30,
1151,ACME,191859,NPT,2022-10-30,
1152,ACME,192152,NPT,2022-10-30,
1153,ACME,192330,NPT,2022-10-30,
1154,ACME,192622,NPT,2022-10-30,
1155,ACME,192986,NPT,2022-10-30,
1156,ACME,193830,NPT,2022-10-30,
1157,ACME,194422,NPT,2022-10-30,
1158,ACME,195037,NPT,2022-10-30,
1159,ACME,197913,NPT,2022-10-30,
1160,ACME,198102,NPT,2022-10-30,
1161,ACME,198276,NPT,2022-10-30,
1162,ACME,199042,NPT,2022-10-30,
1163,ACME,199332,NPT,2022-10-30,
1164,ACME,200063,NPT,2022-10-30,
1165,ACME,200066,NPT,2022-10-30,
1166,ACME,200150,NPT,2022-10-30,
1167,ACME,200263,NPT,2022-10-30,
1168,ACME,200275,NPT,2022-10-30,
1169,ACME,200310,NPT,2022-10-30,
1170,ACME,200354,NPT,2022-10-30,
1171,ACME,200412,NPT,2022-10-30,
1172,ACME,200479,NPT,2022-10-30,
1173,ACME,200490,NPT,2022-10-30,
1174,ACME,200513,NPT,2022-10-30,
1175,ACME,200557,NPT,2022-10-30,
1176,ACME,200558,NPT,2022-10-30,
1177,ACME,200584,NPT,2022-10-30,
1178,ACME,200634,NPT,2022-10-30,
1179,ACME,200712,NPT,2022-10-30,
1180,ACME,200729,NPT,2022-10-30,
1181,ACME,200833,NPT,2022-10-30,
1182,ACME,200844,NPT,2022-10-30,
1183,ACME,200856,NPT,2022-10-30,
1184,ACME,200922,NPT,2022-10-30,
1185,ACME,201217,NPT,2022-10-30,
1186,ACME,201226,NPT,2022-10-30,
1187,ACME,201234,NPT,2022-10-30,
1188,ACME,201269,NPT,2022-10-30,
1189,ACME,201455,NPT,2022-10-30,
1190,ACME,201462,NPT,2022-10-30,
1191,ACME,201796,NPT,2022-10-30,
1192,ACME,201840,NPT,2022-10-30,
1193,ACME,201942,NPT,2022-10-30,
1194,ACME,202193,NPT,2022-10-30,
1195,ACME,202297,NPT,2022-10-30,
1196,ACME,202527,NPT,2022-10-30,
1197,ACME,202653,NPT,2022-10-30,
1198,ACME,202840,NPT,2022-10-30,
1199,ACME,202939,NPT,2022-10-30,
1200,ACME,202969,NPT,2022-10-30,
1201,ACME,203228,NPT,2022-10-30,
1202,ACME,203487,NPT,2022-10-30,
1203,ACME,203852,NPT,2022-10-30,
1204,ACME,203889,NPT,2022-10-30,
1205,ACME,204361,NPT,2022-10-30,
1206,ACME,205053,NPT,2022-10-30,
1207,ACME,205622,NPT,2022-10-30,
1208,ACME,205938,NPT,2022-10-30,
1209,ACME,206428,NPT,2022-10-30,
1210,ACME,206658,NPT,2022-10-30,
1211,ACME,207165,NPT,2022-10-30,
1212,ACME,207400,NPT,2022-10-30,
1213,ACME,207713,NPT,2022-10-30,
1214,ACME,208276,NPT,2022-10-30,
1215,ACME,208325,NPT,2022-10-30,
1216,ACME,208376,NPT,2022-10-30,
1217,ACME,208818,NPT,2022-10-30,
1218,ACME,208856,NPT,2022-10-30,
1219,ACME,208889,NPT,2022-10-30,
1220,ACME,208937,NPT,2022-10-30,
1221,ACME,209131,NPT,2022-10-30,
1222,ACME,209404,NPT,2022-10-30,
1223,ACME,209553,NPT,2022-10-30,
1224,ACME,209912,NPT,2022-10-30,
1225,ACME,210340,NPT,2022-10-30,
1226,ACME,210655,NPT,2022-10-30,
1227,ACME,210719,NPT,2022-10-30,
1228,ACME,210905,NPT,2022-10-30,
1229,ACME,210992,NPT,2022-10-30,
1230,ACME,211069,NPT,2022-10-30,
1231,ACME,211234,NPT,2022-10-30,
1232,ACME,211287,NPT,2022-10-30,
1233,ACME,211311,NPT,2022-10-30,
1234,ACME,211461,NPT,2022-10-30,
1235,ACME,211878,NPT,2022-10-30,
1236,ACME,211898,NPT,2022-10-30,
1237,ACME,212017,NPT,2022-10-30,
1238,ACME,212077,NPT,2022-10-30,
1239,ACME,212105,NPT,2022-10-30,
1240,ACME,212120,NPT,2022-10-30,
1241,ACME,212190,NPT,2022-10-30,
1242,ACME,212327,NPT,2022-10-30,
1243,ACME,212414,NPT,2022-10-30,
1244,ACME,212516,NPT,2022-10-30,
1245,ACME,213089,NPT,2022-10-30,
1246,ACME,213149,NPT,2022-10-30,
1247,ACME,213157,NPT,2022-10-30,
1248,ACME,213339,NPT,2022-10-30,
1249,ACME,213647,NPT,2022-10-30,
1250,ACME,213678,NPT,2022-10-30,
1251,ACME,213925,NPT,2022-10-30,
1252,ACME,213974,NPT,2022-10-30,
1253,ACME,214040,NPT,2022-10-30,
1254,ACME,214047,NPT,2022-10-30,
1255,ACME,214054,NPT,2022-10-30,
1256,ACME,214073,NPT,2022-10-30,
1257,ACME,214204,NPT,2022-10-30,
1258,ACME,214290,NPT,2022-10-30,
1259,ACME,214320,NPT,2022-10-30,
1260,ACME,214332,NPT,2022-10-30,
1261,ACME,214357,NPT,2022-10-30,
1262,ACME,214575,NPT,2022-10-30,
1263,ACME,214854,NPT,2022-10-30,
1264,ACME,215059,NPT,2022-10-30,
1265,ACME,215139,NPT,2022-10-30,
1266,ACME,215436,NPT,2022-10-30,
1267,ACME,215528,NPT,2022-10-30,
1268,ACME,215787,NPT,2022-10-30,
1269,ACME,216515,NPT,2022-10-30,
1270,ACME,216732,NPT,2022-10-30,
1271,ACME,217913,NPT,2022-10-30,
1272,ACME,218082,NPT,2022-10-30,
1273,ACME,218101,NPT,2022-10-30,
1274,ACME,218358,NPT,2022-10-30,
1275,ACME,219050,NPT,2022-10-30,
1276,ACME,219640,NPT,2022-10-30,
1277,ACME,219758,NPT,2022-10-30,
1278,ACME,219866,NPT,2022-10-30,
1279,ACME,220037,NPT,2022-10-30,
1280,ACME,220157,NPT,2022-10-30,
1281,ACME,220192,NPT,2022-10-30,
1282,ACME,220406,NPT,2022-10-30,
1283,ACME,220528,NPT,2022-10-30,
1284,ACME,220804,NPT,2022-10-30,
1285,ACME,220815,NPT,2022-10-30,
1286,ACME,220890,NPT,2022-10-30,
1287,ACME,220908,NPT,2022-10-30,
1288,ACME,221086,NPT,2022-10-30,
1289,ACME,221212,NPT,2022-10-30,
1290,ACME,221318,NPT,2022-10-30,
1291,ACME,221658,NPT,2022-10-30,
1292,ACME,222113,NPT,2022-10-30,
1293,ACME,222126,NPT,2022-10-30,
1294,ACME,222724,NPT,2022-10-30,
1295,ACME,222894,NPT,2022-10-30,
1296,ACME,223217,NPT,2022-10-30,
1297,ACME,223304,NPT,2022-10-30,
1298,ACME,223342,NPT,2022-10-30,
1299,ACME,223865,NPT,2022-10-30,
1300,ACME,223881,NPT,2022-10-30,
1301,ACME,224009,NPT,2022-10-30,
1302,ACME,224055,NPT,2022-10-30,
1303,ACME,224212,NPT,2022-10-30,
1304,ACME,225150,NPT,2022-10-30,
1305,ACME,225811,NPT,2022-10-30,
1306,ACME,226152,NPT,2022-10-30,
1307,ACME,227330,NPT,2022-10-30,
1308,ACME,230138,NPT,2022-10-30,
1309,ACME,230292,NPT,2022-10-30,
1310,ACME,230920,NPT,2022-10-30,
1311,ACME,230936,NPT,2022-10-30,
1312,ACME,231331,NPT,2022-10-30,
1313,ACME,231395,NPT,2022-10-30,
1314,ACME,231422,NPT,2022-10-30,
1315,ACME,233926,NPT,2022-10-30,
1316,ACME,234708,NPT,2022-10-30,
1317,ACME,234727,NPT,2022-10-30,
1318,ACME,234853,NPT,2022-10-30,
1319,ACME,237364,NPT,2022-10-30,
1320,ACME,237364,NPT,2022-10-30,
1321,ACME,237630,NPT,2022-10-30,
1322,ACME,237856,NPT,2022-10-30,
1323,ACME,238385,NPT,2022-10-30,
1324,ACME,238664,NPT,2022-10-30,
1325,ACME,238868,NPT,2022-10-30,
1326,ACME,239052,NPT,2022-10-30,
1327,ACME,239075,NPT,2022-10-30,
1328,ACME,239221,NPT,2022-10-30,
1329,ACME,239240,NPT,2022-10-30,
1330,ACME,239294,NPT,2022-10-30,
1331,ACME,239483,NPT,2022-10-30,
1332,ACME,239647,NPT,2022-10-30,
1333,ACME,240041,NPT,2022-10-30,
1334,ACME,240141,NPT,2022-10-30,
1335,ACME,240378,NPT,2022-10-30,
1336,ACME,249004,NPT,2022-10-30,
1337,ACME,250075,NPT,2022-10-30,
1338,ACME,250243,NPT,2022-10-30,
1339,ACME,250829,NPT,2022-10-30,
1340,ACME,250843,NPT,2022-10-30,
1341,ACME,251185,NPT,2022-10-30,
1342,ACME,251340,NPT,2022-10-30,
1343,ACME,251679,NPT,2022-10-30,
1344,ACME,252172,NPT,2022-10-30,
1345,ACME,252244,NPT,2022-10-30,
1346,ACME,252548,NPT,2022-10-30,
1347,ACME,253503,NPT,2022-10-30,
1348,ACME,253557,NPT,2022-10-30,
1349,ACME,253572,NPT,2022-10-30,
1350,ACME,253679,NPT,2022-10-30,
1351,ACME,253906,NPT,2022-10-30,
1352,ACME,254085,NPT,2022-10-30,
1353,ACME,254214,NPT,2022-10-30,
1354,ACME,254501,NPT,2022-10-30,
1355,ACME,254808,NPT,2022-10-30,
1356,ACME,255088,NPT,2022-10-30,
1357,ACME,255208,NPT,2022-10-30,
1358,ACME,255320,NPT,2022-10-30,
1359,ACME,255384,NPT,2022-10-30,
1360,ACME,255400,NPT,2022-10-30,
1361,ACME,255499,NPT,2022-10-30,
1362,ACME,255598,NPT,2022-10-30,
1363,ACME,255754,NPT,2022-10-30,
1364,ACME,255829,NPT,2022-10-30,
1365,ACME,255878,NPT,2022-10-30,
1366,ACME,256078,NPT,2022-10-30,
1367,ACME,256109,NPT,2022-10-30,
1368,ACME,256540,NPT,2022-10-30,
1369,ACME,256985,NPT,2022-10-30,
1370,ACME,256995,NPT,2022-10-30,
1371,ACME,257017,NPT,2022-10-30,
1372,ACME,257654,NPT,2022-10-30,
1373,ACME,257666,NPT,2022-10-30,
1374,ACME,258137,NPT,2022-10-30,
1375,ACME,260185,NPT,2022-10-30,
1376,ACME,260355,NPT,2022-10-30,
1377,ACME,260885,NPT,2022-10-30,
1378,ACME,260929,NPT,2022-10-30,
1379,ACME,261554,NPT,2022-10-30,
1380,ACME,262406,NPT,2022-10-30,
1381,ACME,263685,NPT,2022-10-30,
1382,ACME,265204,NPT,2022-10-30,
1383,ACME,265295,NPT,2022-10-30,
1384,ACME,266717,NPT,2022-10-30,
1385,ACME,268249,NPT,2022-10-30,
1386,ACME,270795,NPT,2022-10-30,
1387,ACME,273536,NPT,2022-10-30,
1388,ACME,273720,NPT,2022-10-30,
1389,ACME,277034,NPT,2022-10-30,
1390,ACME,280053,NPT,2022-10-30,
1391,ACME,280101,NPT,2022-10-30,
1392,ACME,280618,NPT,2022-10-30,
1393,ACME,280893,NPT,2022-10-30,
1394,ACME,280902,NPT,2022-10-30,
1395,ACME,281169,NPT,2022-10-30,
1396,ACME,281441,NPT,2022-10-30,
1397,ACME,281650,NPT,2022-10-30,
1398,ACME,282092,NPT,2022-10-30,
1399,ACME,283520,NPT,2022-10-30,
1400,ACME,284696,NPT,2022-10-30,
1401,ACME,285441,NPT,2022-10-30,
1402,ACME,285522,NPT,2022-10-30,
1403,ACME,285580,NPT,2022-10-30,
1404,ACME,285774,NPT,2022-10-30,
1405,ACME,285915,NPT,2022-10-30,
1406,ACME,287338,NPT,2022-10-30,
1407,ACME,288055,NPT,2022-10-30,
1408,ACME,288260,NPT,2022-10-30,
1409,ACME,288263,NPT,2022-10-30,
1410,ACME,288274,NPT,2022-10-30,
1411,ACME,290020,NPT,2022-10-30,
1412,ACME,290046,NPT,2022-10-30,
1413,ACME,290055,NPT,2022-10-30,
1414,ACME,290133,NPT,2022-10-30,
1415,ACME,290293,NPT,2022-10-30,
1416,ACME,290336,NPT,2022-10-30,
1417,ACME,290442,NPT,2022-10-30,
1418,ACME,291261,NPT,2022-10-30,
1419,ACME,291441,NPT,2022-10-30,
1420,ACME,291903,NPT,2022-10-30,
1421,ACME,292065,NPT,2022-10-30,
1422,ACME,292269,NPT,2022-10-30,
1423,ACME,292746,NPT,2022-10-30,
1424,ACME,292798,NPT,2022-10-30,
1425,ACME,294153,NPT,2022-10-30,
1426,ACME,295032,NPT,2022-10-30,
1427,ACME,295227,NPT,2022-10-30,
1428,ACME,295458,NPT,2022-10-30,
1429,ACME,295631,NPT,2022-10-30,
1430,ACME,295984,NPT,2022-10-30,
1431,ACME,297315,NPT,2022-10-30,
1432,ACME,297350,NPT,2022-10-30,
1433,ACME,297427,NPT,2022-10-30,
1434,ACME,298293,NPT,2022-10-30,
1435,ACME,300004,NPT,2022-10-30,
1436,ACME,300019,NPT,2022-10-30,
1437,ACME,300061,NPT,2022-10-30,
1438,ACME,300065,NPT,2022-10-30,
1439,ACME,300072,NPT,2022-10-30,
1440,ACME,300095,NPT,2022-10-30,
1441,ACME,300098,NPT,2022-10-30,
1442,ACME,300146,NPT,2022-10-30,
1443,ACME,300245,NPT,2022-10-30,
1444,ACME,300280,NPT,2022-10-30,
1445,ACME,300440,NPT,2022-10-30,
1446,ACME,300500,NPT,2022-10-30,
1447,ACME,300607,NPT,2022-10-30,
1448,ACME,301042,NPT,2022-10-30,
1449,ACME,301092,NPT,2022-10-30,
1450,ACME,301112,NPT,2022-10-30,
1451,ACME,301180,NPT,2022-10-30,
1452,ACME,301190,NPT,2022-10-30,
1453,ACME,301253,NPT,2022-10-30,
1454,ACME,301264,NPT,2022-10-30,
1455,ACME,301270,NPT,2022-10-30,
1456,ACME,301284,NPT,2022-10-30,
1457,ACME,301552,NPT,2022-10-30,
1458,ACME,301699,NPT,2022-10-30,
1459,ACME,301817,NPT,2022-10-30,
1460,ACME,301843,NPT,2022-10-30,
1461,ACME,301895,NPT,2022-10-30,
1462,ACME,301937,NPT,2022-10-30,
1463,ACME,301946,NPT,2022-10-30,
1464,ACME,302022,NPT,2022-10-30,
1465,ACME,302165,NPT,2022-10-30,
1466,ACME,302165,NPT,2022-10-30,
1467,ACME,302588,NPT,2022-10-30,
1468,ACME,302669,NPT,2022-10-30,
1469,ACME,302961,NPT,2022-10-30,
1470,ACME,303209,NPT,2022-10-30,
1471,ACME,303271,NPT,2022-10-30,
1472,ACME,303490,NPT,2022-10-30,
1473,ACME,303764,NPT,2022-10-30,
1474,ACME,303956,NPT,2022-10-30,
1475,ACME,306024,NPT,2022-10-30,
1476,ACME,306055,NPT,2022-10-30,
1477,ACME,306600,NPT,2022-10-30,
1478,ACME,306808,NPT,2022-10-30,
1479,ACME,307094,NPT,2022-10-30,
1480,ACME,307162,NPT,2022-10-30,
1481,ACME,307572,NPT,2022-10-30,
1482,ACME,307734,NPT,2022-10-30,
1483,ACME,308281,NPT,2022-10-30,
1484,ACME,308323,NPT,2022-10-30,
1485,ACME,308824,NPT,2022-10-30,
1486,ACME,310110,NPT,2022-10-30,
1487,ACME,310236,NPT,2022-10-30,
1488,ACME,310414,NPT,2022-10-30,
1489,ACME,310520,NPT,2022-10-30,
1490,ACME,310751,NPT,2022-10-30,
1491,ACME,311911,NPT,2022-10-30,
1492,ACME,312318,NPT,2022-10-30,
1493,ACME,314422,NPT,2022-10-30,
1494,ACME,315766,NPT,2022-10-30,
1495,ACME,315854,NPT,2022-10-30,
1496,ACME,316495,NPT,2022-10-30,
1497,ACME,316543,NPT,2022-10-30,
1498,ACME,316772,NPT,2022-10-30,
1499,ACME,316858,NPT,2022-10-30,
1500,ACME,316867,NPT,2022-10-30,
1501,ACME,317003,NPT,2022-10-30,
1502,ACME,317063,NPT,2022-10-30,
1503,ACME,317067,NPT,2022-10-30,
1504,ACME,317368,NPT,2022-10-30,
1505,ACME,318729,NPT,2022-10-30,
1506,ACME,320205,NPT,2022-10-30,
1507,ACME,320301,NPT,2022-10-30,
1508,ACME,321099,NPT,2022-10-30,
1509,ACME,322133,NPT,2022-10-30,
1510,ACME,322518,NPT,2022-10-30,
1511,ACME,328416,NPT,2022-10-30,
1512,ACME,328424,NPT,2022-10-30,
1513,ACME,328426,NPT,2022-10-30,
1514,ACME,329940,NPT,2022-10-30,
1515,ACME,330100,NPT,2022-10-30,
1516,ACME,330347,NPT,2022-10-30,
1517,ACME,330483,NPT,2022-10-30,
1518,ACME,330857,NPT,2022-10-30,
1519,ACME,331242,NPT,2022-10-30,
1520,ACME,331637,NPT,2022-10-30,
1521,ACME,333767,NPT,2022-10-30,
1522,ACME,335462,NPT,2022-10-30,
1523,ACME,335565,NPT,2022-10-30,
1524,ACME,336994,NPT,2022-10-30,
1525,ACME,337186,NPT,2022-10-30,
1526,ACME,337639,NPT,2022-10-30,
1527,ACME,338228,NPT,2022-10-30,
1528,ACME,338689,NPT,2022-10-30,
1529,ACME,338824,NPT,2022-10-30,
1530,ACME,340058,NPT,2022-10-30,
1531,ACME,340156,NPT,2022-10-30,
1532,ACME,340328,NPT,2022-10-30,
1533,ACME,340505,NPT,2022-10-30,
1534,ACME,340628,NPT,2022-10-30,
1535,ACME,341029,NPT,2022-10-30,
1536,ACME,343023,NPT,2022-10-30,
1537,ACME,350047,NPT,2022-10-30,
1538,ACME,350325,NPT,2022-10-30,
1539,ACME,350701,NPT,2022-10-30,
1540,ACME,351810,NPT,2022-10-30,
1541,ACME,351882,NPT,2022-10-30,
1542,ACME,352448,NPT,2022-10-30,
1543,ACME,355005,NPT,2022-10-30,
1544,ACME,360137,NPT,2022-10-30,
1545,ACME,360140,NPT,2022-10-30,
1546,ACME,360556,NPT,2022-10-30,
1547,ACME,361635,NPT,2022-10-30,
1548,ACME,363332,NPT,2022-10-30,
1549,ACME,366803,NPT,2022-10-30,
1550,ACME,366970,NPT,2022-10-30,
1551,ACME,367046,NPT,2022-10-30,
1552,ACME,367275,NPT,2022-10-30,
1553,ACME,367491,NPT,2022-10-30,
1554,ACME,369129,NPT,2022-10-30,
1555,ACME,370753,NPT,2022-10-30,
1556,ACME,381758,NPT,2022-10-30,
1557,ACME,385472,NPT,2022-10-30,
1558,ACME,386140,NPT,2022-10-30,
1559,ACME,386158,NPT,2022-10-30,
1560,ACME,386239,NPT,2022-10-30,
1561,ACME,386814,NPT,2022-10-30,
1562,ACME,394045,NPT,2022-10-30,
1563,ACME,395463,NPT,2022-10-30,
1564,ACME,396452,NPT,2022-10-30,
1565,ACME,396495,NPT,2022-10-30,
1566,ACME,396543,NPT,2022-10-30,
1567,ACME,398171,NPT,2022-10-30,
1568,ACME,398669,NPT,2022-10-30,
1569,ACME,400003,NPT,2022-10-30,
1570,ACME,400107,NPT,2022-10-30,
1571,ACME,401097,NPT,2022-10-30,
1572,ACME,401262,NPT,2022-10-30,
1573,ACME,401842,NPT,2022-10-30,
1574,ACME,402053,NPT,2022-10-30,
1575,ACME,402239,NPT,2022-10-30,
1576,ACME,405403,NPT,2022-10-30,
1577,ACME,405710,NPT,2022-10-30,
1578,ACME,412450,NPT,2022-10-30,
1579,ACME,412463,NPT,2022-10-30,
1580,ACME,412535,NPT,2022-10-30,
1581,ACME,413504,NPT,2022-10-30,
1582,ACME,420752,NPT,2022-10-30,
1583,ACME,420799,NPT,2022-10-30,
1584,ACME,422013,NPT,2022-10-30,
1585,ACME,423615,NPT,2022-10-30,
1586,ACME,430064,NPT,2022-10-30,
1587,ACME,431138,NPT,2022-10-30,
1588,ACME,432068,NPT,2022-10-30,
1589,ACME,435406,NPT,2022-10-30,
1590,ACME,436590,NPT,2022-10-30,
1591,ACME,437103,NPT,2022-10-30,
1592,ACME,437141,NPT,2022-10-30,
1593,ACME,437250,NPT,2022-10-30,
1594,ACME,440430,NPT,2022-10-30,
1595,ACME,440435,NPT,2022-10-30,
1596,ACME,443457,NPT,2022-10-30,
1597,ACME,446649,NPT,2022-10-30,
1598,ACME,446671,NPT,2022-10-30,
1599,ACME,449661,NPT,2022-10-30,
1600,ACME,450564,NPT,2022-10-30,
1601,ACME,450758,NPT,2022-10-30,
1602,ACME,450802,NPT,2022-10-30,
1603,ACME,451496,NPT,2022-10-30,
1604,ACME,451542,NPT,2022-10-30,
1605,ACME,452624,NPT,2022-10-30,
1606,ACME,454669,NPT,2022-10-30,
1607,ACME,454712,NPT,2022-10-30,
1608,ACME,454781,NPT,2022-10-30,
1609,ACME,455328,NPT,2022-10-30,
1610,ACME,457989,NPT,2022-10-30,
1611,ACME,458178,NPT,2022-10-30,
1612,ACME,458512,NPT,2022-10-30,
1613,ACME,461448,NPT,2022-10-30,
1614,ACME,461975,NPT,2022-10-30,
1615,ACME,462026,NPT,2022-10-30,
1616,ACME,462405,NPT,2022-10-30,
1617,ACME,462426,NPT,2022-10-30,
1618,ACME,462460,NPT,2022-10-30,
1619,ACME,462773,NPT,2022-10-30,
1620,ACME,463288,NPT,2022-10-30,
1621,ACME,463309,NPT,2022-10-30,
1622,ACME,463333,NPT,2022-10-30,
1623,ACME,463911,NPT,2022-10-30,
1624,ACME,464096,NPT,2022-10-30,
1625,ACME,466137,NPT,2022-10-30,
1626,ACME,466243,NPT,2022-10-30,
1627,ACME,466405,NPT,2022-10-30,
1628,ACME,466823,NPT,2022-10-30,
1629,ACME,466929,NPT,2022-10-30,
1630,ACME,467525,NPT,2022-10-30,
1631,ACME,467963,NPT,2022-10-30,
1632,ACME,470170,NPT,2022-10-30,
1633,ACME,470382,NPT,2022-10-30,
1634,ACME,470742,NPT,2022-10-30,
1635,ACME,471182,NPT,2022-10-30,
1636,ACME,471665,NPT,2022-10-30,
1637,ACME,471812,NPT,2022-10-30,
1638,ACME,472415,NPT,2022-10-30,
1639,ACME,474757,NPT,2022-10-30,
1640,ACME,475077,NPT,2022-10-30,
1641,ACME,475680,NPT,2022-10-30,
1642,ACME,475788,NPT,2022-10-30,
1643,ACME,475963,NPT,2022-10-30,
1644,ACME,480065,NPT,2022-10-30,
1645,ACME,480658,NPT,2022-10-30,
1646,ACME,480925,NPT,2022-10-30,
1647,ACME,481303,NPT,2022-10-30,
1648,ACME,481393,NPT,2022-10-30,
1649,ACME,481824,NPT,2022-10-30,
1650,ACME,481908,NPT,2022-10-30,
1651,ACME,482183,NPT,2022-10-30,
1652,ACME,483668,NPT,2022-10-30,
1653,ACME,488490,NPT,2022-10-30,
1654,ACME,490317,NPT,2022-10-30,
1655,ACME,490455,NPT,2022-10-30,
1656,ACME,490762,NPT,2022-10-30,
1657,ACME,490772,NPT,2022-10-30,
1658,ACME,490879,NPT,2022-10-30,
1659,ACME,490898,NPT,2022-10-30,
1660,ACME,490949,NPT,2022-10-30,
1661,ACME,491446,NPT,2022-10-30,
1662,ACME,491552,NPT,2022-10-30,
1663,ACME,493444,NPT,2022-10-30,
1664,ACME,493567,NPT,2022-10-30,
1665,ACME,494734,NPT,2022-10-30,
1666,ACME,495106,NPT,2022-10-30,
1667,ACME,496109,NPT,2022-10-30,
1668,ACME,498077,NPT,2022-10-30,
1669,ACME,498340,NPT,2022-10-30,
1670,ACME,498630,NPT,2022-10-30,
1671,ACME,499043,NPT,2022-10-30,
1672,ACME,499570,NPT,2022-10-30,
1673,ACME,500587,NPT,2022-10-30,
1674,ACME,503702,NPT,2022-10-30,
1675,ACME,503787,NPT,2022-10-30,
1676,ACME,503858,NPT,2022-10-30,
1677,ACME,504050,NPT,2022-10-30,
1678,ACME,504104,NPT,2022-10-30,
1679,ACME,504184,NPT,2022-10-30,
1680,ACME,504295,NPT,2022-10-30,
1681,ACME,504334,NPT,2022-10-30,
1682,ACME,504605,NPT,2022-10-30,
1683,ACME,505828,NPT,2022-10-30,
1684,ACME,506711,NPT,2022-10-30,
1685,ACME,506788,NPT,2022-10-30,
1686,ACME,508082,NPT,2022-10-30,
1687,ACME,508527,NPT,2022-10-30,
1688,ACME,508743,NPT,2022-10-30,
1689,ACME,509621,NPT,2022-10-30,
1690,ACME,515034,NPT,2022-10-30,
1691,ACME,515052,NPT,2022-10-30,
1692,ACME,515246,NPT,2022-10-30,
1693,ACME,516047,NPT,2022-10-30,
1694,ACME,516125,NPT,2022-10-30,
1695,ACME,516148,NPT,2022-10-30,
1696,ACME,516173,NPT,2022-10-30,
1697,ACME,516239,NPT,2022-10-30,
1698,ACME,517182,NPT,2022-10-30,
1699,ACME,520101,NPT,2022-10-30,
1700,ACME,520229,NPT,2022-10-30,
1701,ACME,520271,NPT,2022-10-30,
1702,ACME,520338,NPT,2022-10-30,
1703,ACME,525267,NPT,2022-10-30,
1704,ACME,526185,NPT,2022-10-30,
1705,ACME,532071,NPT,2022-10-30,
1706,ACME,532195,NPT,2022-10-30,
1707,ACME,533487,NPT,2022-10-30,
1708,ACME,533621,NPT,2022-10-30,
1709,ACME,534308,NPT,2022-10-30,
1710,ACME,534759,NPT,2022-10-30,
1711,ACME,538034,NPT,2022-10-30,
1712,ACME,538121,NPT,2022-10-30,
1713,ACME,540202,NPT,2022-10-30,
1714,ACME,540341,NPT,2022-10-30,
1715,ACME,543628,NPT,2022-10-30,
1716,ACME,543695,NPT,2022-10-30,
1717,ACME,552267,NPT,2022-10-30,
1718,ACME,552329,NPT,2022-10-30,
1719,ACME,552486,NPT,2022-10-30,
1720,ACME,553542,NPT,2022-10-30,
1721,ACME,555142,NPT,2022-10-30,
1722,ACME,556273,NPT,2022-10-30,
1723,ACME,558462,NPT,2022-10-30,
1724,ACME,560147,NPT,2022-10-30,
1725,ACME,561638,NPT,2022-10-30,
1726,ACME,565092,NPT,2022-10-30,
1727,ACME,569015,NPT,2022-10-30,
1728,ACME,570304,NPT,2022-10-30,
1729,ACME,570688,NPT,2022-10-30,
1730,ACME,570851,NPT,2022-10-30,
1731,ACME,570919,NPT,2022-10-30,
1732,ACME,570939,NPT,2022-10-30,
1733,ACME,570975,NPT,2022-10-30,
1734,ACME,580042,NPT,2022-10-30,
1735,ACME,580067,NPT,2022-10-30,
1736,ACME,580310,NPT,2022-10-30,
1737,ACME,580558,NPT,2022-10-30,
1738,ACME,580563,NPT,2022-10-30,
1739,ACME,580614,NPT,2022-10-30,
1740,ACME,580661,NPT,2022-10-30,
1741,ACME,580867,NPT,2022-10-30,
1742,ACME,580980,NPT,2022-10-30,
1743,ACME,581075,NPT,2022-10-30,
1744,ACME,582071,NPT,2022-10-30,
1745,ACME,586357,NPT,2022-10-30,
1746,ACME,586367,NPT,2022-10-30,
1747,ACME,588693,NPT,2022-10-30,
1748,ACME,588825,NPT,2022-10-30,
1749,ACME,589584,NPT,2022-10-30,
1750,ACME,595127,NPT,2022-10-30,
1751,ACME,599355,NPT,2022-10-30,
1752,ACME,600106,NPT,2022-10-30,
1753,ACME,601031,NPT,2022-10-30,
1754,ACME,601626,NPT,2022-10-30,
1755,ACME,601944,NPT,2022-10-30,
1756,ACME,602026,NPT,2022-10-30,
1757,ACME,603275,NPT,2022-10-30,
1758,ACME,603444,NPT,2022-10-30,
1759,ACME,604148,NPT,2022-10-30,
1760,ACME,606788,NPT,2022-10-30,
1761,ACME,608073,NPT,2022-10-30,
1762,ACME,608080,NPT,2022-10-30,
1763,ACME,610136,NPT,2022-10-30,
1764,ACME,610216,NPT,2022-10-30,
1765,ACME,610225,NPT,2022-10-30,
1766,ACME,610335,NPT,2022-10-30,
1767,ACME,620046,NPT,2022-10-30,
1768,ACME,620061,NPT,2022-10-30,
1769,ACME,620099,NPT,2022-10-30,
1770,ACME,620171,NPT,2022-10-30,
1771,ACME,620231,NPT,2022-10-30,
1772,ACME,620252,NPT,2022-10-30,
1773,ACME,620712,NPT,2022-10-30,
1774,ACME,620882,NPT,2022-10-30,
1775,ACME,621011,NPT,2022-10-30,
1776,ACME,622011,NPT,2022-10-30,
1777,ACME,622523,NPT,2022-10-30,
1778,ACME,622864,NPT,2022-10-30,
1779,ACME,623314,NPT,2022-10-30,
1780,ACME,623514,NPT,2022-10-30,
1781,ACME,624719,NPT,2022-10-30,
1782,ACME,624729,NPT,2022-10-30,
1783,ACME,625118,NPT,2022-10-30,
1784,ACME,625169,NPT,2022-10-30,
1785,ACME,625468,NPT,2022-10-30,
1786,ACME,626584,NPT,2022-10-30,
1787,ACME,627124,NPT,2022-10-30,
1788,ACME,627274,NPT,2022-10-30,
1789,ACME,628683,NPT,2022-10-30,
1790,ACME,628872,NPT,2022-10-30,
1791,ACME,630023,NPT,2022-10-30,
1792,ACME,630160,NPT,2022-10-30,
1793,ACME,630291,NPT,2022-10-30,
1794,ACME,630682,NPT,2022-10-30,
1795,ACME,631038,NPT,2022-10-30,
1796,ACME,631076,NPT,2022-10-30,
1797,ACME,631366,NPT,2022-10-30,
1798,ACME,631682,NPT,2022-10-30,
1799,ACME,635011,NPT,2022-10-30,
1800,ACME,635861,NPT,2022-10-30,
1801,ACME,636247,NPT,2022-10-30,
1802,ACME,636359,NPT,2022-10-30,
1803,ACME,636684,NPT,2022-10-30,
1804,ACME,638336,NPT,2022-10-30,
1805,ACME,638444,NPT,2022-10-30,
1806,ACME,638519,NPT,2022-10-30,
1807,ACME,638779,NPT,2022-10-30,
1808,ACME,639142,NPT,2022-10-30,
1809,ACME,639348,NPT,2022-10-30,
1810,ACME,639436,NPT,2022-10-30,
1811,ACME,639828,NPT,2022-10-30,
1812,ACME,639892,NPT,2022-10-30,
1813,ACME,640269,NPT,2022-10-30,
1814,ACME,640565,NPT,2022-10-30,
1815,ACME,640573,NPT,2022-10-30,
1816,ACME,640970,NPT,2022-10-30,
1817,ACME,641018,NPT,2022-10-30,
1818,ACME,641050,NPT,2022-10-30,
1819,ACME,641196,NPT,2022-10-30,
1820,ACME,641346,NPT,2022-10-30,
1821,ACME,641375,NPT,2022-10-30,
1822,ACME,641529,NPT,2022-10-30,
1823,ACME,641630,NPT,2022-10-30,
1824,ACME,641663,NPT,2022-10-30,
1825,ACME,641743,NPT,2022-10-30,
1826,ACME,641766,NPT,2022-10-30,
1827,ACME,641992,NPT,2022-10-30,
1828,ACME,642008,NPT,2022-10-30,
1829,ACME,642121,NPT,2022-10-30,
1830,ACME,642208,NPT,2022-10-30,
1831,ACME,642267,NPT,2022-10-30,
1832,ACME,642652,NPT,2022-10-30,
1833,ACME,643012,NPT,2022-10-30,
1834,ACME,643048,NPT,2022-10-30,
1835,ACME,643401,NPT,2022-10-30,
1836,ACME,643744,NPT,2022-10-30,
1837,ACME,643821,NPT,2022-10-30,
1838,ACME,644321,NPT,2022-10-30,
1839,ACME,644426,NPT,2022-10-30,
1840,ACME,644925,NPT,2022-10-30,
1841,ACME,645293,NPT,2022-10-30,
1842,ACME,646154,NPT,2022-10-30,
1843,ACME,646167,NPT,2022-10-30,
1844,ACME,646274,NPT,2022-10-30,
1845,ACME,646507,NPT,2022-10-30,
1846,ACME,647044,NPT,2022-10-30,
1847,ACME,647071,NPT,2022-10-30,
1848,ACME,648107,NPT,2022-10-30,
1849,ACME,649372,NPT,2022-10-30,
1850,ACME,649727,NPT,2022-10-30,
1851,ACME,649884,NPT,2022-10-30,
1852,ACME,649894,NPT,2022-10-30,
1853,ACME,650303,NPT,2022-10-30,
1854,ACME,650457,NPT,2022-10-30,
1855,ACME,650816,NPT,2022-10-30,
1856,ACME,651093,NPT,2022-10-30,
1857,ACME,651217,NPT,2022-10-30,
1858,ACME,652777,NPT,2022-10-30,
1859,ACME,653109,NPT,2022-10-30,
1860,ACME,653243,NPT,2022-10-30,
1861,ACME,655317,NPT,2022-10-30,
1862,ACME,655696,NPT,2022-10-30,
1863,ACME,656693,NPT,2022-10-30,
1864,ACME,656755,NPT,2022-10-30,
1865,ACME,657776,NPT,2022-10-30,
1866,ACME,658382,NPT,2022-10-30,
1867,ACME,658692,NPT,2022-10-30,
1868,ACME,658910,NPT,2022-10-30,
1869,ACME,660139,NPT,2022-10-30,
1870,ACME,660285,NPT,2022-10-30,
1871,ACME,660542,NPT,2022-10-30,
1872,ACME,661312,NPT,2022-10-30,
1873,ACME,661513,NPT,2022-10-30,
1874,ACME,661680,NPT,2022-10-30,
1875,ACME,661766,NPT,2022-10-30,
1876,ACME,661916,NPT,2022-10-30,
1877,ACME,662157,NPT,2022-10-30,
1878,ACME,662613,NPT,2022-10-30,
1879,ACME,662751,NPT,2022-10-30,
1880,ACME,662759,NPT,2022-10-30,
1881,ACME,663033,NPT,2022-10-30,
1882,ACME,663114,NPT,2022-10-30,
1883,ACME,663124,NPT,2022-10-30,
1884,ACME,663174,NPT,2022-10-30,
1885,ACME,663230,NPT,2022-10-30,
1886,ACME,663407,NPT,2022-10-30,
1887,ACME,663552,NPT,2022-10-30,
1888,ACME,663658,NPT,2022-10-30,
1889,ACME,664093,NPT,2022-10-30,
1890,ACME,664197,NPT,2022-10-30,
1891,ACME,664313,NPT,2022-10-30,
1892,ACME,664535,NPT,2022-10-30,
1893,ACME,664540,NPT,2022-10-30,
1894,ACME,665577,NPT,2022-10-30,
1895,ACME,665689,NPT,2022-10-30,
1896,ACME,666020,NPT,2022-10-30,
1897,ACME,666052,NPT,2022-10-30,
1898,ACME,666642,NPT,2022-10-30,
1899,ACME,667255,NPT,2022-10-30,
1900,ACME,667613,NPT,2022-10-30,
1901,ACME,667628,NPT,2022-10-30,
1902,ACME,667797,NPT,2022-10-30,
1903,ACME,667868,NPT,2022-10-30,
1904,ACME,667877,NPT,2022-10-30,
1905,ACME,668993,NPT,2022-10-30,
1906,ACME,669115,NPT,2022-10-30,
1907,ACME,669807,NPT,2022-10-30,
1908,ACME,669984,NPT,2022-10-30,
1909,ACME,670012,NPT,2022-10-30,
1910,ACME,670043,NPT,2022-10-30,
1911,ACME,670063,NPT,2022-10-30,
1912,ACME,670253,NPT,2022-10-30,
1913,ACME,670519,NPT,2022-10-30,
1914,ACME,671455,NPT,2022-10-30,
1915,ACME,671605,NPT,2022-10-30,
1916,ACME,672126,NPT,2022-10-30,
1917,ACME,672948,NPT,2022-10-30,
1918,ACME,673686,NPT,2022-10-30,
1919,ACME,675005,NPT,2022-10-30,
1920,ACME,675103,NPT,2022-10-30,
1921,ACME,675344,NPT,2022-10-30,
1922,ACME,675460,NPT,2022-10-30,
1923,ACME,676179,NPT,2022-10-30,
1924,ACME,679565,NPT,2022-10-30,
1925,ACME,680246,NPT,2022-10-30,
1926,ACME,680260,NPT,2022-10-30,
1927,ACME,682237,NPT,2022-10-30,
1928,ACME,682396,NPT,2022-10-30,
1929,ACME,682919,NPT,2022-10-30,
1930,ACME,683521,NPT,2022-10-30,
1931,ACME,690514,NPT,2022-10-30,
1932,ACME,691042,NPT,2022-10-30,
1933,ACME,691247,NPT,2022-10-30,
1934,ACME,692052,NPT,2022-10-30,
1935,ACME,692685,NPT,2022-10-30,
1936,ACME,693550,NPT,2022-10-30,
1937,ACME,693663,NPT,2022-10-30,
1938,ACME,694654,NPT,2022-10-30,
1939,ACME,694920,NPT,2022-10-30,
1940,ACME,695086,NPT,2022-10-30,
1941,ACME,695562,NPT,2022-10-30,
1942,ACME,696003,NPT,2022-10-30,
1943,ACME,696023,NPT,2022-10-30,
1944,ACME,696060,NPT,2022-10-30,
1945,ACME,696164,NPT,2022-10-30,
1946,ACME,696387,NPT,2022-10-30,
1947,ACME,696999,NPT,2022-10-30,
1948,ACME,697048,NPT,2022-10-30,
1949,ACME,697622,NPT,2022-10-30,
1950,ACME,698093,NPT,2022-10-30,
1951,ACME,698328,NPT,2022-10-30,
1952,ACME,700083,NPT,2022-10-30,
1953,ACME,700376,NPT,2022-10-30,
1954,ACME,700442,NPT,2022-10-30,
1955,ACME,701097,NPT,2022-10-30,
1956,ACME,701136,NPT,2022-10-30,
1957,ACME,701271,NPT,2022-10-30,
1958,ACME,701394,NPT,2022-10-30,
1959,ACME,701435,NPT,2022-10-30,
1960,ACME,701588,NPT,2022-10-30,
1961,ACME,701626,NPT,2022-10-30,
1962,ACME,701705,NPT,2022-10-30,
1963,ACME,702008,NPT,2022-10-30,
1964,ACME,702157,NPT,2022-10-30,
1965,ACME,702389,NPT,2022-10-30,
1966,ACME,702604,NPT,2022-10-30,
1967,ACME,702624,NPT,2022-10-30,
1968,ACME,702715,NPT,2022-10-30,
1969,ACME,703100,NPT,2022-10-30,
1970,ACME,703372,NPT,2022-10-30,
1971,ACME,703703,NPT,2022-10-30,
1972,ACME,704121,NPT,2022-10-30,
1973,ACME,704310,NPT,2022-10-30,
1974,ACME,704369,NPT,2022-10-30,
1975,ACME,705298,NPT,2022-10-30,
1976,ACME,705327,NPT,2022-10-30,
1977,ACME,705379,NPT,2022-10-30,
1978,ACME,705497,NPT,2022-10-30,
1979,ACME,705859,NPT,2022-10-30,
1980,ACME,705883,NPT,2022-10-30,
1981,ACME,705901,NPT,2022-10-30,
1982,ACME,705924,NPT,2022-10-30,
1983,ACME,706367,NPT,2022-10-30,
1984,ACME,706622,NPT,2022-10-30,
1985,ACME,707288,NPT,2022-10-30,
1986,ACME,707376,NPT,2022-10-30,
1987,ACME,709023,NPT,2022-10-30,
1988,ACME,709220,NPT,2022-10-30,
1989,ACME,709633,NPT,2022-10-30,
1990,ACME,710024,NPT,2022-10-30,
1991,ACME,710264,NPT,2022-10-30,
1992,ACME,710293,NPT,2022-10-30,
1993,ACME,710344,NPT,2022-10-30,
1994,ACME,710386,NPT,2022-10-30,
1995,ACME,710389,NPT,2022-10-30,
1996,ACME,710513,NPT,2022-10-30,
1997,ACME,710598,NPT,2022-10-30,
1998,ACME,710824,NPT,2022-10-30,
1999,ACME,710965,NPT,2022-10-30,
2000,ACME,711093,NPT,2022-10-30,
2001,ACME,711195,NPT,2022-10-30,
2002,ACME,711693,NPT,2022-10-30,
2003,ACME,711730,NPT,2022-10-30,
2004,ACME,711915,NPT,2022-10-30,
2005,ACME,711930,NPT,2022-10-30,
2006,ACME,711962,NPT,2022-10-30,
2007,ACME,712083,NPT,2022-10-30,
2008,ACME,712160,NPT,2022-10-30,
2009,ACME,712184,NPT,2022-10-30,
2010,ACME,712208,NPT,2022-10-30,
2011,ACME,712353,NPT,2022-10-30,
2012,ACME,714146,NPT,2022-10-30,
2013,ACME,714195,NPT,2022-10-30,
2014,ACME,714284,NPT,2022-10-30,
2015,ACME,714356,NPT,2022-10-30,
2016,ACME,714363,NPT,2022-10-30,
2017,ACME,715727,NPT,2022-10-30,
2018,ACME,715985,NPT,2022-10-30,
2019,ACME,716422,NPT,2022-10-30,
2020,ACME,716628,NPT,2022-10-30,
2021,ACME,717270,NPT,2022-10-30,
2022,ACME,717651,NPT,2022-10-30,
2023,ACME,718678,NPT,2022-10-30,
2024,ACME,720042,NPT,2022-10-30,
2025,ACME,720219,NPT,2022-10-30,
2026,ACME,720263,NPT,2022-10-30,
2027,ACME,720335,NPT,2022-10-30,
2028,ACME,720360,NPT,2022-10-30,
2029,ACME,720378,NPT,2022-10-30,
2030,ACME,720479,NPT,2022-10-30,
2031,ACME,720513,NPT,2022-10-30,
2032,ACME,720877,NPT,2022-10-30,
2033,ACME,721074,NPT,2022-10-30,
2034,ACME,721076,NPT,2022-10-30,
2035,ACME,721100,NPT,2022-10-30,
2036,ACME,721152,NPT,2022-10-30,
2037,ACME,721237,NPT,2022-10-30,
2038,ACME,721306,NPT,2022-10-30,
2039,ACME,721307,NPT,2022-10-30,
2040,ACME,721669,NPT,2022-10-30,
2041,ACME,721670,NPT,2022-10-30,
2042,ACME,721697,NPT,2022-10-30,
2043,ACME,721979,NPT,2022-10-30,
2044,ACME,721992,NPT,2022-10-30,
2045,ACME,722255,NPT,2022-10-30,
2046,ACME,722335,NPT,2022-10-30,
2047,ACME,722570,NPT,2022-10-30,
2048,ACME,722990,NPT,2022-10-30,
2049,ACME,723197,NPT,2022-10-30,
2050,ACME,723473,NPT,2022-10-30,
2051,ACME,723510,NPT,2022-10-30,
2052,ACME,723512,NPT,2022-10-30,
2053,ACME,723649,NPT,2022-10-30,
2054,ACME,723791,NPT,2022-10-30,
2055,ACME,723858,NPT,2022-10-30,
2056,ACME,723964,NPT,2022-10-30,
2057,ACME,724190,NPT,2022-10-30,
2058,ACME,724200,NPT,2022-10-30,
2059,ACME,724229,NPT,2022-10-30,
2060,ACME,724356,NPT,2022-10-30,
2061,ACME,724555,NPT,2022-10-30,
2062,ACME,724721,NPT,2022-10-30,
2063,ACME,725006,NPT,2022-10-30,
2064,ACME,725064,NPT,2022-10-30,
2065,ACME,725074,NPT,2022-10-30,
2066,ACME,725342,NPT,2022-10-30,
2067,ACME,725873,NPT,2022-10-30,
2068,ACME,726042,NPT,2022-10-30,
2069,ACME,726106,NPT,2022-10-30,
2070,ACME,726544,NPT,2022-10-30,
2071,ACME,726590,NPT,2022-10-30,
2072,ACME,726755,NPT,2022-10-30,
2073,ACME,726887,NPT,2022-10-30,
2074,ACME,727222,NPT,2022-10-30,
2075,ACME,727291,NPT,2022-10-30,
2076,ACME,727439,NPT,2022-10-30,
2077,ACME,727454,NPT,2022-10-30,
2078,ACME,727628,NPT,2022-10-30,
2079,ACME,727798,NPT,2022-10-30,
2080,ACME,727949,NPT,2022-10-30,
2081,ACME,728459,NPT,2022-10-30,
2082,ACME,728584,NPT,2022-10-30,
2083,ACME,728797,NPT,2022-10-30,
2084,ACME,729478,NPT,2022-10-30,
2085,ACME,729607,NPT,2022-10-30,
2086,ACME,730464,NPT,2022-10-30,
2087,ACME,730520,NPT,2022-10-30,
2088,ACME,730634,NPT,2022-10-30,
2089,ACME,731019,NPT,2022-10-30,
2090,ACME,731174,NPT,2022-10-30,
2091,ACME,732024,NPT,2022-10-30,
2092,ACME,732200,NPT,2022-10-30,
2093,ACME,732259,NPT,2022-10-30,
2094,ACME,732278,NPT,2022-10-30,
2095,ACME,732485,NPT,2022-10-30,
2096,ACME,732844,NPT,2022-10-30,
2097,ACME,732892,NPT,2022-10-30,
2098,ACME,732926,NPT,2022-10-30,
2099,ACME,732992,NPT,2022-10-30,
2100,ACME,733017,NPT,2022-10-30,
2101,ACME,733065,NPT,2022-10-30,
2102,ACME,734369,NPT,2022-10-30,
2103,ACME,734532,NPT,2022-10-30,
2104,ACME,734812,NPT,2022-10-30,
2105,ACME,735010,NPT,2022-10-30,
2106,ACME,735553,NPT,2022-10-30,
2107,ACME,735936,NPT,2022-10-30,
2108,ACME,736590,NPT,2022-10-30,
2109,ACME,736902,NPT,2022-10-30,
2110,ACME,737063,NPT,2022-10-30,
2111,ACME,737138,NPT,2022-10-30,
2112,ACME,737179,NPT,2022-10-30,
2113,ACME,739067,NPT,2022-10-30,
2114,ACME,739095,NPT,2022-10-30,
2115,ACME,740464,NPT,2022-10-30,
2116,ACME,741699,NPT,2022-10-30,
2117,ACME,741707,NPT,2022-10-30,
2118,ACME,742821,NPT,2022-10-30,
2119,ACME,742990,NPT,2022-10-30,
2120,ACME,743249,NPT,2022-10-30,
2121,ACME,743548,NPT,2022-10-30,
2122,ACME,743562,NPT,2022-10-30,
2123,ACME,743569,NPT,2022-10-30,
2124,ACME,743611,NPT,2022-10-30,
2125,ACME,743667,NPT,2022-10-30,
2126,ACME,743705,NPT,2022-10-30,
2127,ACME,743744,NPT,2022-10-30,
2128,ACME,744230,NPT,2022-10-30,
2129,ACME,744343,NPT,2022-10-30,
2130,ACME,744353,NPT,2022-10-30,
2131,ACME,744497,NPT,2022-10-30,
2132,ACME,745189,NPT,2022-10-30,
2133,ACME,745582,NPT,2022-10-30,
2134,ACME,747078,NPT,2022-10-30,
2135,ACME,747749,NPT,2022-10-30,
2136,ACME,748017,NPT,2022-10-30,
2137,ACME,748021,NPT,2022-10-30,
2138,ACME,748068,NPT,2022-10-30,
2139,ACME,748238,NPT,2022-10-30,
2140,ACME,748290,NPT,2022-10-30,
2141,ACME,748409,NPT,2022-10-30,
2142,ACME,749102,NPT,2022-10-30,
2143,ACME,749436,NPT,2022-10-30,
2144,ACME,749458,NPT,2022-10-30,
2145,ACME,750332,NPT,2022-10-30,
2146,ACME,750592,NPT,2022-10-30,
2147,ACME,750656,NPT,2022-10-30,
2148,ACME,750696,NPT,2022-10-30,
2149,ACME,750754,NPT,2022-10-30,
2150,ACME,750847,NPT,2022-10-30,
2151,ACME,750848,NPT,2022-10-30,
2152,ACME,750968,NPT,2022-10-30,
2153,ACME,751006,NPT,2022-10-30,
2154,ACME,751114,NPT,2022-10-30,
2155,ACME,751183,NPT,2022-10-30,
2156,ACME,751383,NPT,2022-10-30,
2157,ACME,751390,NPT,2022-10-30,
2158,ACME,751390,NPT,2022-10-30,
2159,ACME,752941,NPT,2022-10-30,
2160,ACME,759991,NPT,2022-10-30,
2161,ACME,760027,NPT,2022-10-30,
2162,ACME,760210,NPT,2022-10-30,
2163,ACME,760404,NPT,2022-10-30,
2164,ACME,760425,NPT,2022-10-30,
2165,ACME,760582,NPT,2022-10-30,
2166,ACME,760838,NPT,2022-10-30,
2167,ACME,765121,NPT,2022-10-30,
2168,ACME,765262,NPT,2022-10-30,
2169,ACME,765441,NPT,2022-10-30,
2170,ACME,766161,NPT,2022-10-30,
2171,ACME,766296,NPT,2022-10-30,
2172,ACME,766425,NPT,2022-10-30,
2173,ACME,766448,NPT,2022-10-30,
2174,ACME,766654,NPT,2022-10-30,
2175,ACME,766762,NPT,2022-10-30,
2176,ACME,766807,NPT,2022-10-30,
2177,ACME,766918,NPT,2022-10-30,
2178,ACME,766936,NPT,2022-10-30,
2179,ACME,767566,NPT,2022-10-30,
2180,ACME,767578,NPT,2022-10-30,
2181,ACME,767834,NPT,2022-10-30,
2182,ACME,768241,NPT,2022-10-30,
2183,ACME,768557,NPT,2022-10-30,
2184,ACME,768607,NPT,2022-10-30,
2185,ACME,768818,NPT,2022-10-30,
2186,ACME,768934,NPT,2022-10-30,
2187,ACME,780644,NPT,2022-10-30,
2188,ACME,781314,NPT,2022-10-30,
2189,ACME,781387,NPT,2022-10-30,
2190,ACME,781396,NPT,2022-10-30,
2191,ACME,784155,NPT,2022-10-30,
2192,ACME,785118,NPT,2022-10-30,
2193,ACME,785672,NPT,2022-10-30,
2194,ACME,785722,NPT,2022-10-30,
2195,ACME,786120,NPT,2022-10-30,
2196,ACME,786330,NPT,2022-10-30,
2197,ACME,786484,NPT,2022-10-30,
2198,ACME,787061,NPT,2022-10-30,
2199,ACME,787159,NPT,2022-10-30,
2200,ACME,787229,NPT,2022-10-30,
2201,ACME,787422,NPT,2022-10-30,
2202,ACME,787507,NPT,2022-10-30,
2203,ACME,787546,NPT,2022-10-30,
2204,ACME,788277,NPT,2022-10-30,
2205,ACME,788797,NPT,2022-10-30,
2206,ACME,789077,NPT,2022-10-30,
2207,ACME,789208,NPT,2022-10-30,
2208,ACME,789509,NPT,2022-10-30,
2209,ACME,789725,NPT,2022-10-30,
2210,ACME,789880,NPT,2022-10-30,
2211,ACME,790382,NPT,2022-10-30,
2212,ACME,790794,NPT,2022-10-30,
2213,ACME,794233,NPT,2022-10-30,
2214,ACME,795027,NPT,2022-10-30,
2215,ACME,795316,NPT,2022-10-30,
2216,ACME,795320,NPT,2022-10-30,
2217,ACME,800074,NPT,2022-10-30,
2218,ACME,800686,NPT,2022-10-30,
2219,ACME,802468,NPT,2022-10-30,
2220,ACME,802771,NPT,2022-10-30,
2221,ACME,803259,NPT,2022-10-30,
2222,ACME,804119,NPT,2022-10-30,
2223,ACME,804376,NPT,2022-10-30,
2224,ACME,804882,NPT,2022-10-30,
2225,ACME,806307,NPT,2022-10-30,
2226,ACME,806557,NPT,2022-10-30,
2227,ACME,806674,NPT,2022-10-30,
2228,ACME,806684,NPT,2022-10-30,
2229,ACME,808222,NPT,2022-10-30,
2230,ACME,812168,NPT,2022-10-30,
2231,ACME,812182,NPT,2022-10-30,
2232,ACME,816035,NPT,2022-10-30,
2233,ACME,816969,NPT,2022-10-30,
2234,ACME,817162,NPT,2022-10-30,
2235,ACME,820050,NPT,2022-10-30,
2236,ACME,820055,NPT,2022-10-30,
2237,ACME,820200,NPT,2022-10-30,
2238,ACME,820243,NPT,2022-10-30,
2239,ACME,820900,NPT,2022-10-30,
2240,ACME,824564,NPT,2022-10-30,
2241,ACME,832889,NPT,2022-10-30,
2242,ACME,840132,NPT,2022-10-30,
2243,ACME,843396,NPT,2022-10-30,
2244,ACME,843416,NPT,2022-10-30,
2245,ACME,843664,NPT,2022-10-30,
2246,ACME,843760,NPT,2022-10-30,
2247,ACME,844851,NPT,2022-10-30,
2248,ACME,845473,NPT,2022-10-30,
2249,ACME,846936,NPT,2022-10-30,
2250,ACME,848019,NPT,2022-10-30,
2251,ACME,848854,NPT,2022-10-30,
2252,ACME,849400,NPT,2022-10-30,
2253,ACME,849862,NPT,2022-10-30,
2254,ACME,850050,NPT,2022-10-30,
2255,ACME,850067,NPT,2022-10-30,
2256,ACME,850314,NPT,2022-10-30,
2257,ACME,850553,NPT,2022-10-30,
2258,ACME,850563,NPT,2022-10-30,
2259,ACME,850673,NPT,2022-10-30,
2260,ACME,850797,NPT,2022-10-30,
2261,ACME,850801,NPT,2022-10-30,
2262,ACME,851273,NPT,2022-10-30,
2263,ACME,851782,NPT,2022-10-30,
2264,ACME,851828,NPT,2022-10-30,
2265,ACME,851911,NPT,2022-10-30,
2266,ACME,852339,NPT,2022-10-30,
2267,ACME,852600,NPT,2022-10-30,
2268,ACME,852799,NPT,2022-10-30,
2269,ACME,852854,NPT,2022-10-30,
2270,ACME,853326,NPT,2022-10-30,
2271,ACME,855297,NPT,2022-10-30,
2272,ACME,856272,NPT,2022-10-30,
2273,ACME,856643,NPT,2022-10-30,
2274,ACME,857567,NPT,2022-10-30,
2275,ACME,860002,NPT,2022-10-30,
2276,ACME,860065,NPT,2022-10-30,
2277,ACME,860379,NPT,2022-10-30,
2278,ACME,860405,NPT,2022-10-30,
2279,ACME,860423,NPT,2022-10-30,
2280,ACME,860467,NPT,2022-10-30,
2281,ACME,860559,NPT,2022-10-30,
2282,ACME,860769,NPT,2022-10-30,
2283,ACME,860920,NPT,2022-10-30,
2284,ACME,861324,NPT,2022-10-30,
2285,ACME,861389,NPT,2022-10-30,
2286,ACME,862426,NPT,2022-10-30,
2287,ACME,862466,NPT,2022-10-30,
2288,ACME,862499,NPT,2022-10-30,
2289,ACME,863057,NPT,2022-10-30,
2290,ACME,863347,NPT,2022-10-30,
2291,ACME,863515,NPT,2022-10-30,
2292,ACME,864160,NPT,2022-10-30,
2293,ACME,864239,NPT,2022-10-30,
2294,ACME,864247,NPT,2022-10-30,
2295,ACME,864628,NPT,2022-10-30,
2296,ACME,864995,NPT,2022-10-30,
2297,ACME,865311,NPT,2022-10-30,
2298,ACME,865338,NPT,2022-10-30,
2299,ACME,865475,NPT,2022-10-30,
2300,ACME,865714,NPT,2022-10-30,
2301,ACME,866030,NPT,2022-10-30,
2302,ACME,866328,NPT,2022-10-30,
2303,ACME,866509,NPT,2022-10-30,
2304,ACME,867056,NPT,2022-10-30,
2305,ACME,867082,NPT,2022-10-30,
2306,ACME,872018,NPT,2022-10-30,
2307,ACME,872262,NPT,2022-10-30,
2308,ACME,873254,NPT,2022-10-30,
2309,ACME,874485,NPT,2022-10-30,
2310,ACME,874807,NPT,2022-10-30,
2311,ACME,877322,NPT,2022-10-30,
2312,ACME,880001,NPT,2022-10-30,
2313,ACME,880193,NPT,2022-10-30,
2314,ACME,880244,NPT,2022-10-30,
2315,ACME,880324,NPT,2022-10-30,
2316,ACME,880393,NPT,2022-10-30,
2317,ACME,880944,NPT,2022-10-30,
2318,ACME,881470,NPT,2022-10-30,
2319,ACME,881976,NPT,2022-10-30,
2320,ACME,882399,NPT,2022-10-30,
2321,ACME,882751,NPT,2022-10-30,
2322,ACME,884157,NPT,2022-10-30,
2323,ACME,884664,NPT,2022-10-30,
2324,ACME,885195,NPT,2022-10-30,
2325,ACME,887312,NPT,2022-10-30,
2326,ACME,889362,NPT,2022-10-30,
2327,ACME,890198,NPT,2022-10-30,
2328,ACME,890431,NPT,2022-10-30,
2329,ACME,892027,NPT,2022-10-30,
2330,ACME,894130,NPT,2022-10-30,
2331,ACME,896618,NPT,2022-10-30,
2332,ACME,900793,NPT,2022-10-30,
2333,ACME,900908,NPT,2022-10-30,
2334,ACME,900977,NPT,2022-10-30,
2335,ACME,901373,NPT,2022-10-30,
2336,ACME,901817,NPT,2022-10-30,
2337,ACME,902352,NPT,2022-10-30,
2338,ACME,902675,NPT,2022-10-30,
2339,ACME,903546,NPT,2022-10-30,
2340,ACME,904115,NPT,2022-10-30,
2341,ACME,908902,NPT,2022-10-30,
2342,ACME,910622,NPT,2022-10-30,
2343,ACME,911296,NPT,2022-10-30,
2344,ACME,911899,NPT,2022-10-30,
2345,ACME,912132,NPT,2022-10-30,
2346,ACME,912826,NPT,2022-10-30,
2347,ACME,913488,NPT,2022-10-30,
2348,ACME,913692,NPT,2022-10-30,
2349,ACME,919092,NPT,2022-10-30,
2350,ACME,919449,NPT,2022-10-30,
2351,ACME,919808,NPT,2022-10-30,
2352,ACME,919881,NPT,2022-10-30,
2353,ACME,919910,NPT,2022-10-30,
2354,ACME,920065,NPT,2022-10-30,
2355,ACME,920222,NPT,2022-10-30,
2356,ACME,920258,NPT,2022-10-30,
2357,ACME,921324,NPT,2022-10-30,
2358,ACME,921399,NPT,2022-10-30,
2359,ACME,921833,NPT,2022-10-30,
2360,ACME,925107,NPT,2022-10-30,
2361,ACME,930294,NPT,2022-10-30,
2362,ACME,930435,NPT,2022-10-30,
2363,ACME,930635,NPT,2022-10-30,
2364,ACME,930803,NPT,2022-10-30,
2365,ACME,930823,NPT,2022-10-30,
2366,ACME,930886,NPT,2022-10-30,
2367,ACME,931056,NPT,2022-10-30,
2368,ACME,931624,NPT,2022-10-30,
2369,ACME,932020,NPT,2022-10-30,
2370,ACME,933048,NPT,2022-10-30,
2371,ACME,934018,NPT,2022-10-30,
2372,ACME,939998,NPT,2022-10-30,
2373,ACME,940029,NPT,2022-10-30,
2374,ACME,941264,NPT,2022-10-30,
2375,ACME,942153,NPT,2022-10-30,
2376,ACME,945787,NPT,2022-10-30,
2377,ACME,950026,NPT,2022-10-30,
2378,ACME,950039,NPT,2022-10-30,
2379,ACME,950434,NPT,2022-10-30,
2380,ACME,950517,NPT,2022-10-30,
2381,ACME,952275,NPT,2022-10-30,
2382,ACME,952455,NPT,2022-10-30,
2383,ACME,953114,NPT,2022-10-30,
2384,ACME,953325,NPT,2022-10-30,
2385,ACME,953664,NPT,2022-10-30,
2386,ACME,953671,NPT,2022-10-30,
2387,ACME,953907,NPT,2022-10-30,
2388,ACME,954409,NPT,2022-10-30,
2389,ACME,957266,NPT,2022-10-30,
2390,ACME,958238,NPT,2022-10-30,
2391,ACME,958714,NPT,2022-10-30,
2392,ACME,960830,NPT,2022-10-30,
2393,ACME,962088,NPT,2022-10-30,
2394,ACME,963912,NPT,2022-10-30,
2395,ACME,964458,NPT,2022-10-30,
2396,ACME,964699,NPT,2022-10-30,
2397,ACME,964841,NPT,2022-10-30,
2398,ACME,964858,NPT,2022-10-30,
2399,ACME,965317,NPT,2022-10-30,
2400,ACME,965487,NPT,2022-10-30,
2401,ACME,967160,NPT,2022-10-30,
2402,ACME,970010,NPT,2022-10-30,
2403,ACME,970012,NPT,2022-10-30,
2404,ACME,970159,NPT,2022-10-30,
2405,ACME,971206,NPT,2022-10-30,
2406,ACME,971930,NPT,2022-10-30,
2407,ACME,971985,NPT,2022-10-30,
2408,ACME,972131,NPT,2022-10-30,
2409,ACME,973126,NPT,2022-10-30,
2410,ACME,973595,NPT,2022-10-30,
2411,ACME,974429,NPT,2022-10-30,
2412,ACME,975734,NPT,2022-10-30,
2413,ACME,977089,NPT,2022-10-30,
2414,ACME,978898,NPT,2022-10-30,
2415,ACME,978904,NPT,2022-10-30,
2416,ACME,978963,NPT,2022-10-30,
2417,ACME,979609,NPT,2022-10-30,
2418,ACME,979689,NPT,2022-10-30,
2419,ACME,979902,NPT,2022-10-30,
2420,ACME,980218,NPT,2022-10-30,
2421,ACME,980308,NPT,2022-10-30,
2422,ACME,980344,NPT,2022-10-30,
2423,ACME,981550,NPT,2022-10-30,
2424,ACME,981740,NPT,2022-10-30,
2425,ACME,982460,NPT,2022-10-30,
2426,ACME,982891,NPT,2022-10-30,
2427,ACME,983789,NPT,2022-10-30,
2428,ACME,983823,NPT,2022-10-30,
2429,ACME,985857,NPT,2022-10-30,
2430,ACME,986183,NPT,2022-10-30,
2431,ACME,986581,NPT,2022-10-30,
2432,ACME,986634,NPT,2022-10-30,
2433,ACME,987822,NPT,2022-10-30,
2434,ACME,988803,NPT,2022-10-30,
2435,ACME,989002,NPT,2022-10-30,
2436,ACME,989043,NPT,2022-10-30,
2437,ACME,990006,NPT,2022-10-30,
2438,ACME,990634,NPT,2022-10-30,
2439,ACME,990993,NPT,2022-10-30,
2440,ACME,991303,NPT,2022-10-30,
2441,ACME,991337,NPT,2022-10-30,
2442,ACME,993023,NPT,2022-10-30,
2443,ACME,993437,NPT,2022-10-30,
2444,ACME,993602,NPT,2022-10-30,
2445,ACME,993622,NPT,2022-10-30,
2446,ACME,994337,NPT,2022-10-30,
2447,ACME,995033,NPT,2022-10-30,
2448,ACME,995436,NPT,2022-10-30,
2449,ACME,996157,NPT,2022-10-30,
2450,ACME,997022,NPT,2022-10-30,
